,do,da,dz,db,sigma,iter,recon_loss,act_mse,obs_mse,noi_mse
0,128,8,2,8,0.5,0,1.6146714687347412,1.0087459087371826,0.9829041361808777,1.0038775205612183
1,128,8,2,8,0.5,1000,0.14459781348705292,0.9612500071525574,0.9978745579719543,1.059299111366272
2,128,8,2,8,0.5,2000,0.06539783626794815,0.8927287459373474,1.0081037282943726,0.9371451735496521
3,128,8,2,8,0.5,3000,0.06580710411071777,0.8113180994987488,0.9902745485305786,0.9756151437759399
4,128,8,2,8,0.5,4000,0.06609579920768738,0.775522768497467,1.0110929012298584,1.0397382974624634
5,128,8,2,8,0.5,5000,0.06795750558376312,0.8160772323608398,0.997377872467041,1.0206235647201538
6,128,8,2,8,0.5,6000,0.06646168977022171,0.7752004861831665,1.0047374963760376,1.0381929874420166
7,128,8,2,8,0.5,7000,0.059574566781520844,0.6735416650772095,1.0140424966812134,0.9828014969825745
8,128,8,2,8,0.5,8000,0.062177907675504684,0.7358434200286865,1.0089893341064453,1.035273551940918
9,128,8,2,8,0.5,9000,0.06142812222242355,0.719957172870636,0.9945046901702881,0.9313271045684814
10,128,8,2,8,0.5,10000,0.0682542696595192,0.7858230471611023,1.0102035999298096,1.1143312454223633
11,128,8,2,8,0.5,11000,0.06560929119586945,0.7567890286445618,1.0056586265563965,1.0085642337799072
12,128,8,2,8,0.5,12000,0.06376301497220993,0.7657322883605957,1.004216194152832,0.9603351354598999
13,128,8,2,8,0.5,13000,0.05942655727267265,0.6729676723480225,0.9955761432647705,1.0105876922607422
14,128,8,2,8,0.5,14000,0.06233189254999161,0.7045431137084961,0.9930248260498047,1.0574520826339722
15,128,8,2,8,0.5,15000,0.06516414880752563,0.7663247585296631,0.997227668762207,1.0388264656066895
16,128,8,2,8,0.5,16000,0.0667676329612732,0.781000018119812,1.007530689239502,1.1017439365386963
17,128,8,2,8,0.5,17000,0.059554677456617355,0.6780251264572144,0.9988632798194885,0.9646782875061035
18,128,8,2,8,0.5,18000,0.0636102706193924,0.719917356967926,1.0100666284561157,0.9974852800369263
19,128,8,2,8,0.5,19000,0.06259163469076157,0.7602542638778687,0.993177056312561,0.9457483291625977
20,128,8,2,8,0.5,20000,0.06523342430591583,0.7438787221908569,1.0101706981658936,1.1354438066482544
21,128,8,2,8,0.5,21000,0.06318175047636032,0.7360208034515381,1.001186490058899,0.9947637915611267
22,128,8,2,8,0.5,22000,0.06498490273952484,0.7625046968460083,0.9982004761695862,0.998561680316925
23,128,8,2,8,0.5,23000,0.06399577111005783,0.7644515037536621,1.0006741285324097,1.009339451789856
24,128,8,2,8,0.5,24000,0.06411834806203842,0.7392539978027344,1.00296151638031,0.9932743310928345
25,128,8,2,8,0.5,25000,0.06305959820747375,0.733954906463623,0.9980349540710449,1.0286515951156616
26,128,8,2,8,0.5,26000,0.0658322274684906,0.7877238392829895,1.0117918252944946,0.9218271970748901
27,128,8,2,8,0.5,27000,0.06479192525148392,0.7620346546173096,1.0005109310150146,1.0435261726379395
28,128,8,2,8,0.5,28000,0.06670282036066055,0.7821240425109863,0.9881150126457214,1.0716242790222168
29,128,8,2,8,0.5,29000,0.06620530784130096,0.7803552746772766,1.0141770839691162,0.9649738073348999
30,128,8,2,8,0.5,30000,0.06925316154956818,0.8374533653259277,0.9847848415374756,0.9919334650039673
31,128,8,2,8,0.5,31000,0.06249364838004112,0.7326907515525818,0.9913496971130371,1.012237548828125
32,128,8,2,8,0.5,32000,0.06115240976214409,0.7147745490074158,0.9967629313468933,0.9479138255119324
33,128,8,2,8,0.5,33000,0.06233272701501846,0.7172971963882446,0.9982936978340149,0.9677571654319763
34,128,8,2,8,0.5,34000,0.06387655436992645,0.7600137591362,0.9895251989364624,0.9632689952850342
35,128,8,2,8,0.5,35000,0.06234089657664299,0.7407350540161133,1.0145752429962158,0.9338656663894653
36,128,8,2,8,0.5,36000,0.0627722218632698,0.7331912517547607,1.0026031732559204,0.9518406391143799
37,128,8,2,8,0.5,37000,0.060947906225919724,0.699881374835968,1.0015901327133179,1.0208818912506104
38,128,8,2,8,0.5,38000,0.06188559532165527,0.71844881772995,0.9959085583686829,1.0485591888427734
39,128,8,2,8,0.5,39000,0.061241231858730316,0.7193358540534973,0.991522490978241,0.9789632558822632
40,128,8,2,8,0.5,40000,0.06459605693817139,0.7750353813171387,1.0123794078826904,0.9728426337242126
41,128,8,2,8,0.5,0,1.5698063373565674,1.014048457145691,0.9751124382019043,1.023882508277893
42,128,8,2,8,0.5,1000,0.13963574171066284,0.7853580713272095,0.9919799566268921,0.9815390706062317
43,128,8,2,8,0.5,2000,0.06126438081264496,0.7152308821678162,0.9883660078048706,0.9741705656051636
44,128,8,2,8,0.5,3000,0.0672307163476944,0.79703289270401,0.9985244870185852,1.0468389987945557
45,128,8,2,8,0.5,4000,0.06736122071743011,0.7724046111106873,1.0029464960098267,1.141597032546997
46,128,8,2,8,0.5,5000,0.0634705051779747,0.7688820362091064,1.0076406002044678,0.9720646739006042
47,128,8,2,8,0.5,6000,0.06806351244449615,0.7994406223297119,0.9813442826271057,1.0390397310256958
48,128,8,2,8,0.5,7000,0.06420871615409851,0.7663779854774475,0.9872247576713562,0.9571782946586609
49,128,8,2,8,0.5,8000,0.058728039264678955,0.6800790429115295,1.0077435970306396,0.9128624796867371
50,128,8,2,8,0.5,9000,0.06330949813127518,0.7343807220458984,1.0125985145568848,0.9425964951515198
51,128,8,2,8,0.5,10000,0.06376805156469345,0.7454051375389099,0.9859773516654968,1.010514497756958
52,128,8,2,8,0.5,11000,0.0672185868024826,0.795230507850647,1.0003490447998047,1.037290334701538
53,128,8,2,8,0.5,12000,0.06807193160057068,0.788939356803894,0.9912278652191162,1.05685293674469
54,128,8,2,8,0.5,13000,0.06543542444705963,0.750078558921814,1.0045044422149658,1.0527968406677246
55,128,8,2,8,0.5,14000,0.06232919916510582,0.7229573726654053,0.9742568731307983,1.037595272064209
56,128,8,2,8,0.5,15000,0.06433506309986115,0.7487992644309998,1.006922960281372,1.034854769706726
57,128,8,2,8,0.5,16000,0.06170859932899475,0.7663869261741638,1.00340735912323,0.9307653903961182
58,128,8,2,8,0.5,17000,0.06208562105894089,0.719465434551239,0.9891907572746277,1.0084611177444458
59,128,8,2,8,0.5,18000,0.06550213694572449,0.7795857191085815,0.9967707395553589,0.9604901075363159
60,128,8,2,8,0.5,19000,0.06064536049962044,0.7237306833267212,0.9830985069274902,0.9588415026664734
61,128,8,2,8,0.5,20000,0.06715604662895203,0.764700710773468,1.016041874885559,1.0649988651275635
62,128,8,2,8,0.5,21000,0.06750709563493729,0.8074429631233215,1.0140312910079956,0.9794325828552246
63,128,8,2,8,0.5,22000,0.06305571645498276,0.7463092803955078,0.9936268329620361,0.9692210555076599
64,128,8,2,8,0.5,23000,0.06188331916928291,0.7420865297317505,0.9805510640144348,0.9655584692955017
65,128,8,2,8,0.5,24000,0.06778907775878906,0.8170098066329956,1.0053218603134155,0.9645857810974121
66,128,8,2,8,0.5,25000,0.0684007927775383,0.7965987324714661,0.9848097562789917,1.0588369369506836
67,128,8,2,8,0.5,26000,0.06034006550908089,0.7097744941711426,1.002315878868103,0.9934566020965576
68,128,8,2,8,0.5,27000,0.06638085842132568,0.7792580127716064,0.9987179040908813,1.0128659009933472
69,128,8,2,8,0.5,28000,0.06106396019458771,0.7099361419677734,1.023318886756897,0.997725248336792
70,128,8,2,8,0.5,29000,0.06657681614160538,0.8034937381744385,1.0309529304504395,1.0276120901107788
71,128,8,2,8,0.5,30000,0.060394350439310074,0.6986916065216064,1.0043320655822754,0.971112847328186
72,128,8,2,8,0.5,31000,0.06254734098911285,0.7380914688110352,1.0214449167251587,0.9402003288269043
73,128,8,2,8,0.5,32000,0.06216063350439072,0.7036806344985962,1.000573754310608,1.033258080482483
74,128,8,2,8,0.5,33000,0.05862651765346527,0.6635057330131531,1.000640869140625,1.040003776550293
75,128,8,2,8,0.5,34000,0.06324262917041779,0.745725154876709,1.0035128593444824,0.9471732378005981
76,128,8,2,8,0.5,35000,0.06475180387496948,0.741721510887146,0.9935478568077087,1.0466550588607788
77,128,8,2,8,0.5,36000,0.060623735189437866,0.7311201691627502,0.9899584650993347,0.9535669088363647
78,128,8,2,8,0.5,37000,0.0646073967218399,0.762415885925293,0.9944654107093811,0.9505118131637573
79,128,8,2,8,0.5,38000,0.05730906501412392,0.6411823034286499,1.007406234741211,1.0445259809494019
80,128,8,2,8,0.5,39000,0.06098735332489014,0.7095820903778076,0.9759248495101929,0.9931932687759399
81,128,8,2,8,0.5,40000,0.061271313577890396,0.7433579564094543,0.9971558451652527,0.9451780319213867
82,128,8,2,8,0.5,0,1.637026071548462,1.0063197612762451,0.9841602444648743,1.003611445426941
83,128,8,2,8,0.5,1000,0.13924790918827057,0.7723933458328247,0.9857521653175354,1.0351488590240479
84,128,8,2,8,0.5,2000,0.061479419469833374,0.7393759489059448,1.0124751329421997,0.9376357793807983
85,128,8,2,8,0.5,3000,0.06490477174520493,0.7753337621688843,0.9967782497406006,0.9940046668052673
86,128,8,2,8,0.5,4000,0.06303968280553818,0.751545786857605,1.02595055103302,0.9832692742347717
87,128,8,2,8,0.5,5000,0.06480979919433594,0.7655855417251587,1.0074840784072876,0.9931224584579468
88,128,8,2,8,0.5,6000,0.06984179466962814,0.8364965915679932,1.0024033784866333,0.9974218606948853
89,128,8,2,8,0.5,7000,0.06543734669685364,0.7735624313354492,1.0233975648880005,1.0128673315048218
90,128,8,2,8,0.5,8000,0.06199837476015091,0.7096326947212219,1.0089863538742065,1.033821940422058
91,128,8,2,8,0.5,9000,0.06007201224565506,0.7021214962005615,1.0082647800445557,0.9485050439834595
92,128,8,2,8,0.5,10000,0.06835760176181793,0.8228273987770081,1.004955530166626,0.9780877828598022
93,128,8,2,8,0.5,11000,0.06293228268623352,0.7193664908409119,0.9866756796836853,0.9622666835784912
94,128,8,2,8,0.5,12000,0.06634757667779922,0.8130658864974976,0.9898707866668701,0.891647458076477
95,128,8,2,8,0.5,13000,0.05944104120135307,0.7214320302009583,0.9873955249786377,0.9856287240982056
96,128,8,2,8,0.5,14000,0.06287145614624023,0.7515763640403748,1.0046108961105347,0.9245436191558838
97,128,8,2,8,0.5,15000,0.06294767558574677,0.737801194190979,1.0141732692718506,0.9839751124382019
98,128,8,2,8,0.5,16000,0.06329496949911118,0.7361465096473694,0.9939506649971008,1.0373928546905518
99,128,8,2,8,0.5,17000,0.06422954052686691,0.7917501330375671,1.0027306079864502,0.9453564286231995
100,128,8,2,8,0.5,18000,0.06644091010093689,0.7706061601638794,1.0106936693191528,1.0205079317092896
101,128,8,2,8,0.5,19000,0.06892293691635132,0.8403226137161255,1.015461802482605,0.9648948907852173
102,128,8,2,8,0.5,20000,0.061841294169425964,0.7196617126464844,1.024329662322998,0.9730217456817627
103,128,8,2,8,0.5,21000,0.06575613468885422,0.7725196480751038,1.0180420875549316,1.005311131477356
104,128,8,2,8,0.5,22000,0.06581486761569977,0.7802855968475342,0.9951978921890259,1.024598240852356
105,128,8,2,8,0.5,23000,0.06387956440448761,0.7612829208374023,1.0100196599960327,0.9439383745193481
106,128,8,2,8,0.5,24000,0.06659094244241714,0.7783711552619934,1.01823890209198,1.0112494230270386
107,128,8,2,8,0.5,25000,0.059708695858716965,0.6921079158782959,0.9974097013473511,0.9688619375228882
108,128,8,2,8,0.5,26000,0.06665097177028656,0.7844848036766052,0.9890578985214233,1.0433050394058228
109,128,8,2,8,0.5,27000,0.0645984560251236,0.7633311748504639,1.000254511833191,1.0001287460327148
110,128,8,2,8,0.5,28000,0.060648757964372635,0.7064442038536072,1.0109961032867432,0.9874032139778137
111,128,8,2,8,0.5,29000,0.06260133534669876,0.7255714535713196,1.004116415977478,0.9942703247070312
112,128,8,2,8,0.5,30000,0.06436334550380707,0.7555233836174011,1.0043445825576782,1.0428788661956787
113,128,8,2,8,0.5,31000,0.06507591903209686,0.7850136160850525,0.9908574819564819,0.9903272390365601
114,128,8,2,8,0.5,32000,0.060115374624729156,0.6879294514656067,1.0021378993988037,1.0086551904678345
115,128,8,2,8,0.5,33000,0.06312649697065353,0.7558334469795227,1.0188356637954712,1.0434074401855469
116,128,8,2,8,0.5,34000,0.0626446008682251,0.7601045966148376,1.0084643363952637,0.9207093715667725
117,128,8,2,8,0.5,35000,0.06374959647655487,0.7577061653137207,1.0053809881210327,1.020019769668579
118,128,8,2,8,0.5,36000,0.06753300130367279,0.7698342800140381,1.0064221620559692,1.0472700595855713
119,128,8,2,8,0.5,37000,0.061704088002443314,0.7175443172454834,1.0118850469589233,0.996478796005249
120,128,8,2,8,0.5,38000,0.0667014867067337,0.7843115925788879,1.0172637701034546,1.0269606113433838
121,128,8,2,8,0.5,39000,0.06277415156364441,0.7490606904029846,0.9908901453018188,0.9564328789710999
122,128,8,2,8,0.5,40000,0.06299000233411789,0.7316846251487732,1.0005004405975342,0.9830960035324097
123,128,8,3,8,0.5,0,1.5988943576812744,0.9581655263900757,0.9790768027305603,0.972531259059906
124,128,8,3,8,0.5,1000,0.13023436069488525,0.9224077463150024,0.9770272374153137,0.9918385744094849
125,128,8,3,8,0.5,2000,0.05621781572699547,0.7696876525878906,0.9840537309646606,1.0120947360992432
126,128,8,3,8,0.5,3000,0.05209200829267502,0.6421096324920654,1.005144715309143,0.941152811050415
127,128,8,3,8,0.5,4000,0.05625823512673378,0.6249864101409912,1.0018606185913086,1.0000531673431396
128,128,8,3,8,0.5,5000,0.05354553461074829,0.5893620252609253,1.0077775716781616,1.058801531791687
129,128,8,3,8,0.5,6000,0.05462831258773804,0.6044871807098389,1.0042650699615479,0.9915633201599121
130,128,8,3,8,0.5,7000,0.057403307408094406,0.6375217437744141,1.0055204629898071,1.0457268953323364
131,128,8,3,8,0.5,8000,0.05772213265299797,0.6439264416694641,1.0019211769104004,1.0009013414382935
132,128,8,3,8,0.5,9000,0.05422221124172211,0.6008201837539673,1.0005114078521729,0.9706424474716187
133,128,8,3,8,0.5,10000,0.05507676303386688,0.6129482984542847,0.9972440004348755,1.025507926940918
134,128,8,3,8,0.5,11000,0.05612874776124954,0.6340416073799133,0.9967586398124695,0.9950079321861267
135,128,8,3,8,0.5,12000,0.059858061373233795,0.6823979616165161,0.9915982484817505,1.0645427703857422
136,128,8,3,8,0.5,13000,0.055793534964323044,0.6453825831413269,0.9940061569213867,0.9626729488372803
137,128,8,3,8,0.5,14000,0.0567573718726635,0.6496166586875916,1.009041428565979,0.9788901805877686
138,128,8,3,8,0.5,15000,0.056085243821144104,0.6242334246635437,1.0001301765441895,0.9489287734031677
139,128,8,3,8,0.5,16000,0.05586523935198784,0.6101047396659851,1.0111846923828125,1.0331685543060303
140,128,8,3,8,0.5,17000,0.06014688313007355,0.6744250059127808,0.9931172132492065,1.1252127885818481
141,128,8,3,8,0.5,18000,0.059163980185985565,0.6749176979064941,0.9929492473602295,1.0821613073349
142,128,8,3,8,0.5,19000,0.05955619364976883,0.6825424432754517,0.9903355836868286,0.9602612853050232
143,128,8,3,8,0.5,20000,0.05327393859624863,0.6018487811088562,0.9744443893432617,0.9961867928504944
144,128,8,3,8,0.5,21000,0.059104073792696,0.6754531860351562,1.0107780694961548,1.0261563062667847
145,128,8,3,8,0.5,22000,0.054712019860744476,0.6199604272842407,1.0214325189590454,1.0433423519134521
146,128,8,3,8,0.5,23000,0.05820189416408539,0.6393591165542603,1.0031336545944214,1.0646146535873413
147,128,8,3,8,0.5,24000,0.04997356981039047,0.560176432132721,0.9890221357345581,0.8970316052436829
148,128,8,3,8,0.5,25000,0.057086918503046036,0.6441211700439453,1.004069209098816,0.9621226787567139
149,128,8,3,8,0.5,26000,0.05527682229876518,0.609909176826477,1.0119832754135132,1.0715292692184448
150,128,8,3,8,0.5,27000,0.055058080703020096,0.6106243133544922,0.9878659248352051,0.9662864804267883
151,128,8,3,8,0.5,28000,0.05748024582862854,0.6606985330581665,1.0069146156311035,0.9742990732192993
152,128,8,3,8,0.5,29000,0.05838988348841667,0.6590040922164917,0.9921998381614685,1.002362847328186
153,128,8,3,8,0.5,30000,0.055686186999082565,0.6189386248588562,1.004051685333252,0.9945101737976074
154,128,8,3,8,0.5,31000,0.05600161850452423,0.6394498348236084,0.9989355802536011,0.9594775438308716
155,128,8,3,8,0.5,32000,0.055834122002124786,0.6333441138267517,0.9842032194137573,1.0219483375549316
156,128,8,3,8,0.5,33000,0.05659373849630356,0.6327062845230103,0.9972256422042847,1.030472755432129
157,128,8,3,8,0.5,34000,0.05443667620420456,0.6078362464904785,1.0089921951293945,0.9467934370040894
158,128,8,3,8,0.5,35000,0.050921715795993805,0.5907503962516785,0.9985581040382385,0.9385951161384583
159,128,8,3,8,0.5,36000,0.05748594179749489,0.6625586748123169,1.0040477514266968,1.0592490434646606
160,128,8,3,8,0.5,37000,0.05384155362844467,0.5901293754577637,1.002085566520691,0.9863866567611694
161,128,8,3,8,0.5,38000,0.05828312039375305,0.675150990486145,1.0059354305267334,0.9769188165664673
162,128,8,3,8,0.5,39000,0.05137860029935837,0.554397463798523,1.010911226272583,1.0208964347839355
163,128,8,3,8,0.5,40000,0.05583912134170532,0.6262375712394714,0.9944567084312439,0.9426987171173096
164,128,8,3,8,0.5,0,1.6344562768936157,0.9915649890899658,0.9907351732254028,1.045956015586853
165,128,8,3,8,0.5,1000,0.13618384301662445,0.7676070332527161,0.9843493700027466,1.0059962272644043
166,128,8,3,8,0.5,2000,0.057145632803440094,0.6624868512153625,1.0154573917388916,0.999790370464325
167,128,8,3,8,0.5,3000,0.05681053176522255,0.6293855905532837,0.9965869188308716,1.031439185142517
168,128,8,3,8,0.5,4000,0.05301590636372566,0.5949475765228271,1.0027003288269043,0.9900072813034058
169,128,8,3,8,0.5,5000,0.05519893020391464,0.6261237859725952,1.0270843505859375,0.9341470003128052
170,128,8,3,8,0.5,6000,0.05844825133681297,0.6582266688346863,0.995354175567627,1.013229489326477
171,128,8,3,8,0.5,7000,0.057077862322330475,0.6274298429489136,1.0098382234573364,1.0001920461654663
172,128,8,3,8,0.5,8000,0.05541029945015907,0.62917160987854,1.0275743007659912,0.9773539304733276
173,128,8,3,8,0.5,9000,0.05825895071029663,0.6679767370223999,0.988410234451294,1.0040919780731201
174,128,8,3,8,0.5,10000,0.05840138718485832,0.6526542901992798,0.9811615943908691,1.03035306930542
175,128,8,3,8,0.5,11000,0.057609423995018005,0.6620878577232361,1.0066088438034058,1.026174783706665
176,128,8,3,8,0.5,12000,0.05934881418943405,0.6584998369216919,0.9824019074440002,1.0351414680480957
177,128,8,3,8,0.5,13000,0.05349116399884224,0.6129990816116333,1.0027962923049927,0.924027681350708
178,128,8,3,8,0.5,14000,0.05586095154285431,0.6323001980781555,0.9814265370368958,1.0238709449768066
179,128,8,3,8,0.5,15000,0.05537749081850052,0.6084187030792236,1.0126899480819702,0.9929717779159546
180,128,8,3,8,0.5,16000,0.05744178965687752,0.6566512584686279,0.9841057062149048,0.9303371906280518
181,128,8,3,8,0.5,17000,0.06012758985161781,0.6934797763824463,1.002610445022583,0.9652432203292847
182,128,8,3,8,0.5,18000,0.05643847957253456,0.6115649342536926,1.0012753009796143,1.0388219356536865
183,128,8,3,8,0.5,19000,0.05510865896940231,0.6145750284194946,0.9672990441322327,0.9906566739082336
184,128,8,3,8,0.5,20000,0.05426323413848877,0.6013691425323486,1.0007755756378174,0.9968080520629883
185,128,8,3,8,0.5,21000,0.05665840208530426,0.6336647868156433,1.0052874088287354,1.0271791219711304
186,128,8,3,8,0.5,22000,0.05300939828157425,0.5994957089424133,1.0010145902633667,0.9184919595718384
187,128,8,3,8,0.5,23000,0.05484288930892944,0.60935378074646,0.989734411239624,0.967265248298645
188,128,8,3,8,0.5,24000,0.05625680088996887,0.6160848140716553,1.0088865756988525,0.9921968579292297
189,128,8,3,8,0.5,25000,0.05764499679207802,0.636465847492218,0.9880738258361816,1.0485150814056396
190,128,8,3,8,0.5,26000,0.05549263954162598,0.6320235729217529,0.983169436454773,1.0001368522644043
191,128,8,3,8,0.5,27000,0.05775110051035881,0.639483630657196,1.0223900079727173,1.059035062789917
192,128,8,3,8,0.5,28000,0.057196155190467834,0.6564896702766418,0.9958382844924927,0.9296598434448242
193,128,8,3,8,0.5,29000,0.05700570344924927,0.6301563382148743,1.0121582746505737,1.0565191507339478
194,128,8,3,8,0.5,30000,0.05567614734172821,0.5902886986732483,1.0001742839813232,1.0650492906570435
195,128,8,3,8,0.5,31000,0.05480539798736572,0.6097328662872314,1.0037888288497925,0.95515376329422
196,128,8,3,8,0.5,32000,0.058198511600494385,0.631100058555603,1.0042312145233154,1.0437649488449097
197,128,8,3,8,0.5,33000,0.05347643047571182,0.5748757123947144,1.0039215087890625,1.001765489578247
198,128,8,3,8,0.5,34000,0.05583485588431358,0.6140514016151428,1.0211602449417114,0.9712995886802673
199,128,8,3,8,0.5,35000,0.05380736663937569,0.6019477248191833,1.0220615863800049,0.978510856628418
200,128,8,3,8,0.5,36000,0.05522037297487259,0.6066153049468994,0.9880660772323608,1.0134289264678955
201,128,8,3,8,0.5,37000,0.05469248443841934,0.5752568244934082,0.9954149127006531,1.0731874704360962
202,128,8,3,8,0.5,38000,0.055786218494176865,0.616126537322998,1.0062341690063477,1.0348522663116455
203,128,8,3,8,0.5,39000,0.055746763944625854,0.603056013584137,1.0112230777740479,1.021040439605713
204,128,8,3,8,0.5,40000,0.05585252493619919,0.6180486083030701,1.022383451461792,1.0135371685028076
205,128,8,3,8,0.5,0,1.5777711868286133,0.9992095232009888,0.9586728811264038,0.9573614597320557
206,128,8,3,8,0.5,1000,0.12853285670280457,0.7402851581573486,0.9867129325866699,1.0774576663970947
207,128,8,3,8,0.5,2000,0.055362772196531296,0.6344062685966492,0.9926654100418091,0.9219474196434021
208,128,8,3,8,0.5,3000,0.055368538945913315,0.6169219017028809,0.994221568107605,1.0196895599365234
209,128,8,3,8,0.5,4000,0.05888831242918968,0.6522600650787354,0.9946138858795166,1.0595414638519287
210,128,8,3,8,0.5,5000,0.058289237320423126,0.6724478602409363,1.0124986171722412,1.0253552198410034
211,128,8,3,8,0.5,6000,0.05769406259059906,0.6660972237586975,1.0044580698013306,0.9477534294128418
212,128,8,3,8,0.5,7000,0.058703456073999405,0.6660888195037842,0.9888442754745483,0.978216826915741
213,128,8,3,8,0.5,8000,0.05740884691476822,0.6472083330154419,0.9778617024421692,1.0011531114578247
214,128,8,3,8,0.5,9000,0.055772632360458374,0.6282560229301453,1.0293551683425903,1.0102884769439697
215,128,8,3,8,0.5,10000,0.05433366447687149,0.5926620364189148,1.0024442672729492,1.0546852350234985
216,128,8,3,8,0.5,11000,0.056760676205158234,0.6306974291801453,0.9972662925720215,1.0747298002243042
217,128,8,3,8,0.5,12000,0.05368603393435478,0.5916880369186401,0.9811577796936035,0.9897177219390869
218,128,8,3,8,0.5,13000,0.05744895711541176,0.6277326345443726,0.9906511902809143,1.0828949213027954
219,128,8,3,8,0.5,14000,0.06013350933790207,0.6852425932884216,1.012276530265808,1.03232741355896
220,128,8,3,8,0.5,15000,0.055308353155851364,0.6049166321754456,0.9999160170555115,1.0450513362884521
221,128,8,3,8,0.5,16000,0.05609412118792534,0.619440495967865,0.9775802493095398,1.0176777839660645
222,128,8,3,8,0.5,17000,0.05634046345949173,0.6218867301940918,1.007157802581787,0.9931545257568359
223,128,8,3,8,0.5,18000,0.05965767428278923,0.7142141461372375,0.9927934408187866,0.937317967414856
224,128,8,3,8,0.5,19000,0.05274895206093788,0.5878147482872009,1.0047531127929688,0.9711257815361023
225,128,8,3,8,0.5,20000,0.05010358989238739,0.5579487681388855,0.9865474104881287,0.9407800436019897
226,128,8,3,8,0.5,21000,0.05405936762690544,0.6079621315002441,0.9970576763153076,0.9651894569396973
227,128,8,3,8,0.5,22000,0.05477047339081764,0.609296441078186,1.0028761625289917,1.0207979679107666
228,128,8,3,8,0.5,23000,0.05726223811507225,0.641165018081665,0.982276201248169,0.9978240728378296
229,128,8,3,8,0.5,24000,0.05549892783164978,0.6139678955078125,0.971611738204956,0.9886178374290466
230,128,8,3,8,0.5,25000,0.058142609894275665,0.6526848077774048,1.0268105268478394,1.0148967504501343
231,128,8,3,8,0.5,26000,0.058718856424093246,0.6544322967529297,1.001151204109192,1.0384200811386108
232,128,8,3,8,0.5,27000,0.05671101063489914,0.6174014210700989,0.993567705154419,1.0657634735107422
233,128,8,3,8,0.5,28000,0.05627471208572388,0.6164574027061462,1.0074667930603027,1.0374044179916382
234,128,8,3,8,0.5,29000,0.0544050969183445,0.5928823351860046,1.0062980651855469,1.0016969442367554
235,128,8,3,8,0.5,30000,0.053191088140010834,0.604816198348999,0.999005913734436,0.9538348913192749
236,128,8,3,8,0.5,31000,0.05896845832467079,0.6662405133247375,1.005861520767212,1.0411428213119507
237,128,8,3,8,0.5,32000,0.05744748190045357,0.6589064598083496,0.9908781051635742,1.0089294910430908
238,128,8,3,8,0.5,33000,0.05474639683961868,0.6054551005363464,1.003951907157898,0.9960995316505432
239,128,8,3,8,0.5,34000,0.05646369978785515,0.642764687538147,1.0005497932434082,0.9173212051391602
240,128,8,3,8,0.5,35000,0.0539049431681633,0.585518479347229,0.9968007206916809,0.9999232888221741
241,128,8,3,8,0.5,36000,0.054850634187459946,0.601177990436554,0.9965385794639587,1.0180898904800415
242,128,8,3,8,0.5,37000,0.05646052956581116,0.6239644885063171,1.00068998336792,1.0427355766296387
243,128,8,3,8,0.5,38000,0.05018090084195137,0.5539125800132751,0.9976593852043152,0.9578519463539124
244,128,8,3,8,0.5,39000,0.05279397591948509,0.5803064703941345,0.9938297271728516,0.9409940242767334
245,128,8,3,8,0.5,40000,0.05476891249418259,0.5755960941314697,1.0048032999038696,1.0979098081588745
246,128,8,4,8,0.5,0,1.6204659938812256,1.0000276565551758,0.9587745070457458,1.0705646276474
247,128,8,4,8,0.5,1000,0.12404221296310425,0.865189254283905,0.9815742373466492,0.9248079061508179
248,128,8,4,8,0.5,2000,0.04830873757600784,0.7303947806358337,0.9913390278816223,0.9052210450172424
249,128,8,4,8,0.5,3000,0.045171067118644714,0.54100102186203,0.9914897084236145,0.9338318705558777
250,128,8,4,8,0.5,4000,0.045868583023548126,0.4947434663772583,0.9870733022689819,0.9930266737937927
251,128,8,4,8,0.5,5000,0.04797647148370743,0.4905468225479126,0.9887406229972839,1.0281295776367188
252,128,8,4,8,0.5,6000,0.0481138676404953,0.5011557936668396,1.0045090913772583,1.0085022449493408
253,128,8,4,8,0.5,7000,0.048347100615501404,0.5013290047645569,0.9992376565933228,1.0878084897994995
254,128,8,4,8,0.5,8000,0.0451912060379982,0.42987772822380066,1.0018435716629028,1.066162109375
255,128,8,4,8,0.5,9000,0.04525664821267128,0.46077990531921387,0.9836985468864441,0.9771661758422852
256,128,8,4,8,0.5,10000,0.050640545785427094,0.5323017239570618,0.9853072166442871,1.0414605140686035
257,128,8,4,8,0.5,11000,0.04541352018713951,0.4758817255496979,1.0096749067306519,0.9855144619941711
258,128,8,4,8,0.5,12000,0.052069589495658875,0.5689042210578918,1.0036818981170654,1.026821255683899
259,128,8,4,8,0.5,13000,0.05057330057024956,0.535568118095398,0.9898842573165894,1.0485689640045166
260,128,8,4,8,0.5,14000,0.04940863326191902,0.5455175638198853,1.0113533735275269,1.0057826042175293
261,128,8,4,8,0.5,15000,0.047456786036491394,0.49019646644592285,0.9896501302719116,0.9658516049385071
262,128,8,4,8,0.5,16000,0.04696289449930191,0.47861647605895996,1.000839114189148,0.9954962134361267
263,128,8,4,8,0.5,17000,0.04617130756378174,0.47950029373168945,0.9953605532646179,1.0229003429412842
264,128,8,4,8,0.5,18000,0.04844137281179428,0.5037279725074768,1.0016791820526123,0.9904599189758301
265,128,8,4,8,0.5,19000,0.04953044280409813,0.5244643688201904,1.0038416385650635,1.0195354223251343
266,128,8,4,8,0.5,20000,0.04851718619465828,0.5166378021240234,1.0111088752746582,0.9941520094871521
267,128,8,4,8,0.5,21000,0.047299791127443314,0.4871409237384796,0.997222900390625,1.040128469467163
268,128,8,4,8,0.5,22000,0.04623360186815262,0.4944888651371002,0.9745652675628662,0.9671553373336792
269,128,8,4,8,0.5,23000,0.0488290935754776,0.5223436951637268,0.9967100620269775,0.9756929278373718
270,128,8,4,8,0.5,24000,0.05066447705030441,0.5419825911521912,0.9860490560531616,0.9500100016593933
271,128,8,4,8,0.5,25000,0.045944780111312866,0.4812605381011963,0.9998968839645386,0.9895411729812622
272,128,8,4,8,0.5,26000,0.049268342554569244,0.5136745572090149,1.0150409936904907,1.0053164958953857
273,128,8,4,8,0.5,27000,0.045434899628162384,0.4620671272277832,0.9970881938934326,1.0037531852722168
274,128,8,4,8,0.5,28000,0.04643579199910164,0.4782606363296509,0.9922420978546143,1.0421618223190308
275,128,8,4,8,0.5,29000,0.050699952989816666,0.557479977607727,1.0060577392578125,0.9620416164398193
276,128,8,4,8,0.5,30000,0.047577712684869766,0.5096666216850281,0.9969844222068787,0.9654006361961365
277,128,8,4,8,0.5,31000,0.0513041689991951,0.5616850852966309,0.9958593249320984,1.035115361213684
278,128,8,4,8,0.5,32000,0.04933113604784012,0.5313670635223389,1.0106056928634644,0.9315950274467468
279,128,8,4,8,0.5,33000,0.04462738335132599,0.4537321627140045,0.9761844277381897,1.0497612953186035
280,128,8,4,8,0.5,34000,0.048951469361782074,0.517083466053009,1.0071325302124023,1.0045723915100098
281,128,8,4,8,0.5,35000,0.04784030839800835,0.5054982304573059,1.014890432357788,0.983275294303894
282,128,8,4,8,0.5,36000,0.04712600260972977,0.4958755671977997,0.9888947010040283,0.9377943277359009
283,128,8,4,8,0.5,37000,0.04225177317857742,0.430189311504364,1.0052632093429565,0.9103711247444153
284,128,8,4,8,0.5,38000,0.046893686056137085,0.4923238456249237,0.9853928089141846,0.9854497313499451
285,128,8,4,8,0.5,39000,0.04580337181687355,0.45690906047821045,0.9921582341194153,1.0180511474609375
286,128,8,4,8,0.5,40000,0.04795750230550766,0.4913307726383209,0.996184766292572,1.0279191732406616
287,128,8,4,8,0.5,0,1.5889045000076294,1.0119913816452026,0.9645383358001709,0.9731172323226929
288,128,8,4,8,0.5,1000,0.12151864171028137,0.6260855197906494,0.9827684760093689,0.9980469346046448
289,128,8,4,8,0.5,2000,0.04523978382349014,0.4554831087589264,0.9879108667373657,1.0203075408935547
290,128,8,4,8,0.5,3000,0.04588591307401657,0.469926118850708,1.0123716592788696,1.0359348058700562
291,128,8,4,8,0.5,4000,0.04887031391263008,0.5043570399284363,0.9700919389724731,0.9670056700706482
292,128,8,4,8,0.5,5000,0.04618554934859276,0.48970651626586914,0.991693377494812,0.8876773715019226
293,128,8,4,8,0.5,6000,0.04806254804134369,0.4748855233192444,0.9893065690994263,1.068587303161621
294,128,8,4,8,0.5,7000,0.049021631479263306,0.514914870262146,0.9937626123428345,1.0126897096633911
295,128,8,4,8,0.5,8000,0.048059217631816864,0.48581182956695557,1.0016252994537354,1.0146827697753906
296,128,8,4,8,0.5,9000,0.05079071968793869,0.5357860922813416,0.9810696244239807,1.0859313011169434
297,128,8,4,8,0.5,10000,0.04857352375984192,0.507641077041626,0.9685525894165039,1.031603217124939
298,128,8,4,8,0.5,11000,0.046206943690776825,0.49702319502830505,0.9913173913955688,0.9189976453781128
299,128,8,4,8,0.5,12000,0.05224708095192909,0.5491133332252502,1.0013244152069092,1.100854754447937
300,128,8,4,8,0.5,13000,0.05069027841091156,0.5431202054023743,1.0079760551452637,0.98338383436203
301,128,8,4,8,0.5,14000,0.04379136860370636,0.4418482780456543,1.0059651136398315,1.0075103044509888
302,128,8,4,8,0.5,15000,0.04584354907274246,0.4697210192680359,0.9923802614212036,0.9926924705505371
303,128,8,4,8,0.5,16000,0.04776764288544655,0.4952510595321655,0.9920634627342224,0.9569717049598694
304,128,8,4,8,0.5,17000,0.050375357270240784,0.5462024807929993,0.9834730625152588,0.9542202353477478
305,128,8,4,8,0.5,18000,0.04609135538339615,0.45810845494270325,1.0170011520385742,1.0742347240447998
306,128,8,4,8,0.5,19000,0.04789615795016289,0.5072970390319824,1.0127309560775757,0.9641029834747314
307,128,8,4,8,0.5,20000,0.04604531079530716,0.4804680049419403,0.9910341501235962,1.0221576690673828
308,128,8,4,8,0.5,21000,0.04588073119521141,0.4742298722267151,1.0038015842437744,0.9838849306106567
309,128,8,4,8,0.5,22000,0.046004656702280045,0.4536454975605011,0.9896447062492371,1.0534324645996094
310,128,8,4,8,0.5,23000,0.04882855713367462,0.5261965990066528,0.9781597852706909,0.986653208732605
311,128,8,4,8,0.5,24000,0.04897557199001312,0.5266188979148865,0.990818977355957,1.0344593524932861
312,128,8,4,8,0.5,25000,0.05013711377978325,0.513799786567688,1.0012325048446655,1.062921404838562
313,128,8,4,8,0.5,26000,0.047749537974596024,0.4650861620903015,1.0058174133300781,1.117658257484436
314,128,8,4,8,0.5,27000,0.0532803013920784,0.5424028635025024,1.0070109367370605,1.0629626512527466
315,128,8,4,8,0.5,28000,0.04545237869024277,0.4552692770957947,0.9929119944572449,1.0229436159133911
316,128,8,4,8,0.5,29000,0.046662695705890656,0.47177332639694214,0.9877182245254517,0.9898364543914795
317,128,8,4,8,0.5,30000,0.04766962304711342,0.4982384145259857,0.9885776042938232,0.9810107350349426
318,128,8,4,8,0.5,31000,0.04803379625082016,0.5046372413635254,0.990178644657135,0.9581975340843201
319,128,8,4,8,0.5,32000,0.04620615392923355,0.4827258884906769,0.9977002739906311,0.9327311515808105
320,128,8,4,8,0.5,33000,0.04813770577311516,0.5052506923675537,1.0063769817352295,0.9802255034446716
321,128,8,4,8,0.5,34000,0.05134425312280655,0.5429710149765015,1.0052604675292969,0.9881945252418518
322,128,8,4,8,0.5,35000,0.04871628060936928,0.5143768191337585,1.0027062892913818,1.0505590438842773
323,128,8,4,8,0.5,36000,0.045619893819093704,0.4678525924682617,0.9939963817596436,1.0103743076324463
324,128,8,4,8,0.5,37000,0.04855232685804367,0.5142813920974731,0.9872030019760132,1.0541375875473022
325,128,8,4,8,0.5,38000,0.04708653315901756,0.5003000497817993,1.007841944694519,0.9621551036834717
326,128,8,4,8,0.5,39000,0.04812677949666977,0.49691689014434814,0.995903730392456,1.011102557182312
327,128,8,4,8,0.5,40000,0.04566114768385887,0.46775636076927185,1.0033740997314453,0.9758096933364868
328,128,8,4,8,0.5,0,1.5900511741638184,0.9894669055938721,0.977200448513031,0.9506472945213318
329,128,8,4,8,0.5,1000,0.11935530602931976,0.5440152883529663,0.9966890811920166,1.0027915239334106
330,128,8,4,8,0.5,2000,0.04932427406311035,0.5280916690826416,0.9924795627593994,1.0210604667663574
331,128,8,4,8,0.5,3000,0.0487205795943737,0.5194194316864014,0.9942428469657898,1.0498861074447632
332,128,8,4,8,0.5,4000,0.049227695912122726,0.5180321931838989,1.0173372030258179,1.0546088218688965
333,128,8,4,8,0.5,5000,0.04875455051660538,0.5129072666168213,0.994545578956604,0.9914312958717346
334,128,8,4,8,0.5,6000,0.04612860083580017,0.5033490657806396,1.0041606426239014,0.8968051075935364
335,128,8,4,8,0.5,7000,0.051846206188201904,0.5468388795852661,0.9990334510803223,1.0416029691696167
336,128,8,4,8,0.5,8000,0.047318361699581146,0.4784802496433258,0.9946885704994202,1.0014991760253906
337,128,8,4,8,0.5,9000,0.049854256212711334,0.5190900564193726,0.994778037071228,1.125397801399231
338,128,8,4,8,0.5,10000,0.046920567750930786,0.47163692116737366,1.0041362047195435,1.0324242115020752
339,128,8,4,8,0.5,11000,0.04714222252368927,0.48780325055122375,0.9965027570724487,0.9949402213096619
340,128,8,4,8,0.5,12000,0.04429461807012558,0.43394309282302856,1.0025017261505127,1.0330556631088257
341,128,8,4,8,0.5,13000,0.04480146989226341,0.4620858430862427,0.9877874851226807,0.9599192142486572
342,128,8,4,8,0.5,14000,0.04565159231424332,0.45687776803970337,1.006598711013794,1.0235742330551147
343,128,8,4,8,0.5,15000,0.04916089028120041,0.5160666108131409,0.9885973334312439,0.9855704307556152
344,128,8,4,8,0.5,16000,0.05027269199490547,0.5276746153831482,0.9814026355743408,0.9712519645690918
345,128,8,4,8,0.5,17000,0.049927569925785065,0.5115060806274414,0.9834544658660889,1.0020503997802734
346,128,8,4,8,0.5,18000,0.0519949235022068,0.5414923429489136,0.9964467883110046,1.0872230529785156
347,128,8,4,8,0.5,19000,0.04623008146882057,0.46959471702575684,1.000718593597412,0.9784379601478577
348,128,8,4,8,0.5,20000,0.04967062175273895,0.5293853282928467,1.010076642036438,1.0064785480499268
349,128,8,4,8,0.5,21000,0.043246783316135406,0.43177327513694763,0.9968469738960266,1.0006004571914673
350,128,8,4,8,0.5,22000,0.048157889395952225,0.4989352524280548,0.9939804077148438,1.0386528968811035
351,128,8,4,8,0.5,23000,0.047730639576911926,0.5004113912582397,0.99055016040802,1.0035161972045898
352,128,8,4,8,0.5,24000,0.04991602525115013,0.5073800683021545,0.993189811706543,1.0839598178863525
353,128,8,4,8,0.5,25000,0.05200369656085968,0.5625299215316772,0.9980762004852295,0.9796088337898254
354,128,8,4,8,0.5,26000,0.04761434718966484,0.5026155710220337,0.9984198808670044,0.9622262716293335
355,128,8,4,8,0.5,27000,0.04907646402716637,0.5072093605995178,0.9837580919265747,1.069753885269165
356,128,8,4,8,0.5,28000,0.04492482915520668,0.44829919934272766,1.0232799053192139,1.018463134765625
357,128,8,4,8,0.5,29000,0.04918364807963371,0.5383344888687134,0.9858842492103577,0.9179026484489441
358,128,8,4,8,0.5,30000,0.053359366953372955,0.5881173014640808,1.004132866859436,0.9460878372192383
359,128,8,4,8,0.5,31000,0.050569918006658554,0.5439086556434631,1.01751708984375,1.0131820440292358
360,128,8,4,8,0.5,32000,0.046772073954343796,0.490708589553833,1.0034880638122559,0.9607811570167542
361,128,8,4,8,0.5,33000,0.048337358981370926,0.49895569682121277,0.9849820137023926,0.9966776967048645
362,128,8,4,8,0.5,34000,0.04549669101834297,0.47577330470085144,1.0100668668746948,0.9771312475204468
363,128,8,4,8,0.5,35000,0.04668060690164566,0.4967401921749115,0.9910375475883484,0.9212964773178101
364,128,8,4,8,0.5,36000,0.047270603477954865,0.513660192489624,0.981930673122406,0.9238414168357849
365,128,8,4,8,0.5,37000,0.047343552112579346,0.49263235926628113,1.0012389421463013,1.0099859237670898
366,128,8,4,8,0.5,38000,0.043375130742788315,0.431477427482605,1.00873863697052,1.0112764835357666
367,128,8,4,8,0.5,39000,0.04507442191243172,0.47777876257896423,1.004158616065979,0.9595116972923279
368,128,8,4,8,0.5,40000,0.04840940237045288,0.502303421497345,0.9889300465583801,1.0116428136825562
369,128,8,5,8,0.5,0,1.556760311126709,0.9103432297706604,0.9505816698074341,1.0481936931610107
370,128,8,5,8,0.5,1000,0.10965102910995483,0.7211564779281616,0.9751617312431335,1.1039068698883057
371,128,8,5,8,0.5,2000,0.04300400987267494,0.6032009124755859,0.995650053024292,0.985660195350647
372,128,8,5,8,0.5,3000,0.041427791118621826,0.4555751085281372,0.9778245687484741,1.109302282333374
373,128,8,5,8,0.5,4000,0.037379179149866104,0.388614296913147,0.9961410164833069,0.8463876843452454
374,128,8,5,8,0.5,5000,0.03751558065414429,0.3450849652290344,0.9955460429191589,1.0467653274536133
375,128,8,5,8,0.5,6000,0.04173074662685394,0.41151654720306396,1.0027376413345337,0.9781924486160278
376,128,8,5,8,0.5,7000,0.03871782869100571,0.36964911222457886,0.9840524792671204,0.9645558595657349
377,128,8,5,8,0.5,8000,0.03925878182053566,0.3651668429374695,0.9945663213729858,0.9876322150230408
378,128,8,5,8,0.5,9000,0.038668062537908554,0.36362186074256897,0.9845055341720581,0.96979159116745
379,128,8,5,8,0.5,10000,0.03917048126459122,0.3865840435028076,0.988023579120636,0.9184597730636597
380,128,8,5,8,0.5,11000,0.03984075039625168,0.3866344690322876,1.0155994892120361,0.9848170280456543
381,128,8,5,8,0.5,12000,0.039775580167770386,0.3661887049674988,0.9859156608581543,1.0443596839904785
382,128,8,5,8,0.5,13000,0.0375082790851593,0.34784209728240967,0.9747164249420166,1.0125337839126587
383,128,8,5,8,0.5,14000,0.03846438229084015,0.3595442771911621,0.9894445538520813,0.9472848773002625
384,128,8,5,8,0.5,15000,0.04388022795319557,0.4232441484928131,1.0081161260604858,1.04746413230896
385,128,8,5,8,0.5,16000,0.042322445660829544,0.427378386259079,1.0024503469467163,1.0028250217437744
386,128,8,5,8,0.5,17000,0.04190772771835327,0.4085499346256256,1.0004212856292725,0.9676554799079895
387,128,8,5,8,0.5,18000,0.04169226437807083,0.3926646113395691,1.0031862258911133,1.0435166358947754
388,128,8,5,8,0.5,19000,0.041465289890766144,0.41775083541870117,1.0105911493301392,0.9613158702850342
389,128,8,5,8,0.5,20000,0.041491977870464325,0.39252468943595886,0.9885476231575012,1.0793019533157349
390,128,8,5,8,0.5,21000,0.03571924939751625,0.30184903740882874,0.9855605959892273,1.0292928218841553
391,128,8,5,8,0.5,22000,0.03995412960648537,0.3801994025707245,1.0032175779342651,1.0108439922332764
392,128,8,5,8,0.5,23000,0.03960147872567177,0.3393358588218689,0.9921109080314636,1.0598329305648804
393,128,8,5,8,0.5,24000,0.04482836276292801,0.43554478883743286,1.0022112131118774,1.0449641942977905
394,128,8,5,8,0.5,25000,0.041270479559898376,0.38809114694595337,1.0112316608428955,1.051600456237793
395,128,8,5,8,0.5,26000,0.040502697229385376,0.38216084241867065,0.9904521107673645,0.9832206964492798
396,128,8,5,8,0.5,27000,0.04473525285720825,0.4153258800506592,0.986430287361145,1.0951935052871704
397,128,8,5,8,0.5,28000,0.040700849145650864,0.39050978422164917,0.985451877117157,1.003108024597168
398,128,8,5,8,0.5,29000,0.04021930322051048,0.3861314356327057,0.9911230802536011,0.9816917777061462
399,128,8,5,8,0.5,30000,0.037183795124292374,0.33907580375671387,0.9834752678871155,0.9932556748390198
400,128,8,5,8,0.5,31000,0.040580347180366516,0.3795962631702423,1.0108171701431274,1.0360431671142578
401,128,8,5,8,0.5,32000,0.040518589317798615,0.3726770579814911,0.991331160068512,0.9917765259742737
402,128,8,5,8,0.5,33000,0.044509999454021454,0.4225834310054779,1.0178388357162476,1.048479676246643
403,128,8,5,8,0.5,34000,0.04532867297530174,0.450256884098053,0.9984816908836365,1.064587116241455
404,128,8,5,8,0.5,35000,0.04146268218755722,0.3747480511665344,1.0047447681427002,1.0840656757354736
405,128,8,5,8,0.5,36000,0.0420818105340004,0.4224971532821655,0.9938203692436218,0.9639841318130493
406,128,8,5,8,0.5,37000,0.040676213800907135,0.41241753101348877,1.0055506229400635,0.9550232887268066
407,128,8,5,8,0.5,38000,0.03954010084271431,0.37511754035949707,0.9946459531784058,1.0155901908874512
408,128,8,5,8,0.5,39000,0.03806646540760994,0.34670981764793396,0.9992696642875671,1.027968168258667
409,128,8,5,8,0.5,40000,0.040445469319820404,0.3688766658306122,1.0041624307632446,1.0120750665664673
410,128,8,5,8,0.5,0,1.633023977279663,1.0063046216964722,0.9796658754348755,0.9430519342422485
411,128,8,5,8,0.5,1000,0.11180706322193146,0.48919546604156494,0.9993471503257751,1.0103955268859863
412,128,8,5,8,0.5,2000,0.03924532234668732,0.37077605724334717,1.0147266387939453,1.010879635810852
413,128,8,5,8,0.5,3000,0.03846383094787598,0.3535398840904236,0.995570957660675,1.0551981925964355
414,128,8,5,8,0.5,4000,0.04443728178739548,0.41442883014678955,0.9966578483581543,1.0557295083999634
415,128,8,5,8,0.5,5000,0.039038076996803284,0.3497648537158966,1.000458002090454,1.0364046096801758
416,128,8,5,8,0.5,6000,0.04100005701184273,0.41253089904785156,0.9916684627532959,0.9050666689872742
417,128,8,5,8,0.5,7000,0.03819996863603592,0.3492796719074249,1.0119949579238892,1.0383275747299194
418,128,8,5,8,0.5,8000,0.04521011561155319,0.4466455280780792,1.0039228200912476,1.0141856670379639
419,128,8,5,8,0.5,9000,0.03981727734208107,0.3809252083301544,1.0079418420791626,0.9492216110229492
420,128,8,5,8,0.5,10000,0.03935407102108002,0.3828863799571991,1.0023939609527588,0.9490147233009338
421,128,8,5,8,0.5,11000,0.03970008343458176,0.37537679076194763,1.0066912174224854,0.9796453714370728
422,128,8,5,8,0.5,12000,0.038886163383722305,0.36666345596313477,1.0136219263076782,0.9525241851806641
423,128,8,5,8,0.5,13000,0.03909052163362503,0.3822855055332184,0.9839270114898682,0.8891215324401855
424,128,8,5,8,0.5,14000,0.04067918285727501,0.3885329067707062,0.997887372970581,1.0315860509872437
425,128,8,5,8,0.5,15000,0.042169973254203796,0.4305211901664734,0.9851934313774109,0.9716792106628418
426,128,8,5,8,0.5,16000,0.04244790971279144,0.38304394483566284,0.9918030500411987,1.0198116302490234
427,128,8,5,8,0.5,17000,0.03902047500014305,0.35450637340545654,1.012576937675476,1.0144588947296143
428,128,8,5,8,0.5,18000,0.04303695261478424,0.41933125257492065,1.0024837255477905,1.0264897346496582
429,128,8,5,8,0.5,19000,0.03988213464617729,0.3877193331718445,0.9903388023376465,1.003272294998169
430,128,8,5,8,0.5,20000,0.040802232921123505,0.37411150336265564,0.9814450740814209,1.0582211017608643
431,128,8,5,8,0.5,21000,0.04113038256764412,0.40045449137687683,0.9998471736907959,0.9908642172813416
432,128,8,5,8,0.5,22000,0.04138553887605667,0.39296409487724304,0.983841061592102,1.0593839883804321
433,128,8,5,8,0.5,23000,0.04005279764533043,0.38422590494155884,0.9947302341461182,0.9417089223861694
434,128,8,5,8,0.5,24000,0.03769809007644653,0.3487880527973175,1.0095120668411255,0.9761930704116821
435,128,8,5,8,0.5,25000,0.038729093968868256,0.35852378606796265,1.004638671875,0.9499145746231079
436,128,8,5,8,0.5,26000,0.041823092848062515,0.38898491859436035,1.01044499874115,1.0682016611099243
437,128,8,5,8,0.5,27000,0.03849979490041733,0.36613020300865173,0.9993559718132019,0.944243311882019
438,128,8,5,8,0.5,28000,0.038296591490507126,0.3727877140045166,0.9933841824531555,0.9437940120697021
439,128,8,5,8,0.5,29000,0.039107028394937515,0.36604055762290955,0.998425304889679,1.0301272869110107
440,128,8,5,8,0.5,30000,0.04080362990498543,0.3845025300979614,0.9935628771781921,1.0018881559371948
441,128,8,5,8,0.5,31000,0.040981195867061615,0.3871650993824005,0.9936872124671936,0.9745625257492065
442,128,8,5,8,0.5,32000,0.03974970802664757,0.3759769797325134,1.0093011856079102,0.9508427381515503
443,128,8,5,8,0.5,33000,0.03739720582962036,0.334827184677124,1.0016664266586304,0.9762348532676697
444,128,8,5,8,0.5,34000,0.04055578261613846,0.38162246346473694,0.9939154386520386,0.9748886823654175
445,128,8,5,8,0.5,35000,0.04114512726664543,0.39943796396255493,1.0018134117126465,0.9861656427383423
446,128,8,5,8,0.5,36000,0.04240129888057709,0.37553226947784424,1.0014290809631348,1.051047682762146
447,128,8,5,8,0.5,37000,0.0428069531917572,0.41406404972076416,0.99381422996521,1.0550001859664917
448,128,8,5,8,0.5,38000,0.036258310079574585,0.3391542434692383,0.991145670413971,0.925462007522583
449,128,8,5,8,0.5,39000,0.03893236443400383,0.3596174418926239,0.9972081184387207,1.0274757146835327
450,128,8,5,8,0.5,40000,0.04162221401929855,0.39004185795783997,1.0087448358535767,1.0385931730270386
451,128,8,5,8,0.5,0,1.5689098834991455,0.9348142743110657,0.9511352777481079,0.9807372093200684
452,128,8,5,8,0.5,1000,0.10751082003116608,0.36809030175209045,1.0044819116592407,1.010937213897705
453,128,8,5,8,0.5,2000,0.041407644748687744,0.3850710391998291,0.9971193671226501,1.0214710235595703
454,128,8,5,8,0.5,3000,0.03853764757514,0.3702099025249481,0.9941046237945557,0.9458407759666443
455,128,8,5,8,0.5,4000,0.036734916269779205,0.33647552132606506,0.9947746992111206,0.950057327747345
456,128,8,5,8,0.5,5000,0.04215507209300995,0.3833131790161133,0.9869651794433594,1.0964454412460327
457,128,8,5,8,0.5,6000,0.04183458164334297,0.38371559977531433,0.996229350566864,1.0398874282836914
458,128,8,5,8,0.5,7000,0.03886988013982773,0.35267919301986694,0.9949657320976257,1.0392019748687744
459,128,8,5,8,0.5,8000,0.037984225898981094,0.3659895062446594,0.984586238861084,0.914206326007843
460,128,8,5,8,0.5,9000,0.039281271398067474,0.3807092010974884,1.0038580894470215,0.9911453127861023
461,128,8,5,8,0.5,10000,0.04000360518693924,0.4034215807914734,0.9974656701087952,0.9109904170036316
462,128,8,5,8,0.5,11000,0.043622083961963654,0.41323357820510864,0.9971519708633423,1.0321404933929443
463,128,8,5,8,0.5,12000,0.04654056951403618,0.45744359493255615,1.021775484085083,1.0479817390441895
464,128,8,5,8,0.5,13000,0.041876714676618576,0.39884117245674133,0.9961475133895874,1.0445119142532349
465,128,8,5,8,0.5,14000,0.04204106330871582,0.3993900418281555,0.9906362891197205,1.000749945640564
466,128,8,5,8,0.5,15000,0.036928195506334305,0.35991811752319336,0.9829566478729248,0.9829128980636597
467,128,8,5,8,0.5,16000,0.03907882049679756,0.35450443625450134,1.0111044645309448,1.0246837139129639
468,128,8,5,8,0.5,17000,0.03986772149801254,0.36539316177368164,1.0209169387817383,1.0731266736984253
469,128,8,5,8,0.5,18000,0.04018520563840866,0.35872894525527954,1.0150889158248901,1.0846861600875854
470,128,8,5,8,0.5,19000,0.04193209111690521,0.39647918939590454,1.0008411407470703,1.0188863277435303
471,128,8,5,8,0.5,20000,0.03957688435912132,0.3720681965351105,0.9959932565689087,0.9951958656311035
472,128,8,5,8,0.5,21000,0.038313690572977066,0.36142250895500183,1.0088216066360474,0.9208570718765259
473,128,8,5,8,0.5,22000,0.03915517404675484,0.362698495388031,0.9869832992553711,0.9782703518867493
474,128,8,5,8,0.5,23000,0.03924321010708809,0.3686571419239044,1.0035076141357422,0.9808330535888672
475,128,8,5,8,0.5,24000,0.03911672160029411,0.36059004068374634,1.0041016340255737,0.9214961528778076
476,128,8,5,8,0.5,25000,0.03654489293694496,0.33432620763778687,1.0086110830307007,0.9609513282775879
477,128,8,5,8,0.5,26000,0.04060760885477066,0.40480801463127136,0.999173104763031,0.9887690544128418
478,128,8,5,8,0.5,27000,0.03972486034035683,0.35891011357307434,1.0064711570739746,1.0426064729690552
479,128,8,5,8,0.5,28000,0.039905037730932236,0.3674081861972809,0.9953258037567139,0.9859294891357422
480,128,8,5,8,0.5,29000,0.04297777637839317,0.40149787068367004,1.0126783847808838,1.016493797302246
481,128,8,5,8,0.5,30000,0.03990103676915169,0.38041236996650696,0.9989334344863892,1.0050551891326904
482,128,8,5,8,0.5,31000,0.040306512266397476,0.3946501314640045,0.9781633019447327,0.9699404835700989
483,128,8,5,8,0.5,32000,0.03710035979747772,0.32966315746307373,1.0093625783920288,1.0132347345352173
484,128,8,5,8,0.5,33000,0.03917837515473366,0.3654206395149231,0.9951093196868896,1.019970178604126
485,128,8,5,8,0.5,34000,0.039828866720199585,0.36035409569740295,1.0014218091964722,0.9851229786872864
486,128,8,5,8,0.5,35000,0.036806076765060425,0.3216254413127899,0.9992914795875549,1.0388644933700562
487,128,8,5,8,0.5,36000,0.03741864114999771,0.35261070728302,1.0055500268936157,0.953660786151886
488,128,8,5,8,0.5,37000,0.03696645423769951,0.3187098205089569,0.9792008399963379,1.0591180324554443
489,128,8,5,8,0.5,38000,0.03986455500125885,0.3872206509113312,0.9850521087646484,0.9341041445732117
490,128,8,5,8,0.5,39000,0.04088030010461807,0.40318048000335693,0.9963908195495605,0.9437704682350159
491,128,8,5,8,0.5,40000,0.04420960694551468,0.4157421290874481,0.9926348924636841,1.0891287326812744
492,128,8,6,8,0.5,0,1.665980339050293,1.0068087577819824,0.9521253108978271,0.920665979385376
493,128,8,6,8,0.5,1000,0.1095939427614212,0.7676748037338257,0.962860107421875,0.976235032081604
494,128,8,6,8,0.5,2000,0.032558657228946686,0.4685589671134949,0.975547194480896,0.9855694770812988
495,128,8,6,8,0.5,3000,0.03096555545926094,0.28160059452056885,0.9985244274139404,1.0392918586730957
496,128,8,6,8,0.5,4000,0.03193379193544388,0.2519618272781372,1.0091805458068848,1.02458655834198
497,128,8,6,8,0.5,5000,0.032766349613666534,0.27310940623283386,0.9931689500808716,0.9990969300270081
498,128,8,6,8,0.5,6000,0.03382639214396477,0.2749139666557312,1.0139293670654297,1.0355863571166992
499,128,8,6,8,0.5,7000,0.0300205796957016,0.21871726214885712,0.9929448366165161,1.04664146900177
500,128,8,6,8,0.5,8000,0.03197510167956352,0.2660602331161499,0.9864976406097412,0.9715624451637268
501,128,8,6,8,0.5,9000,0.030033927410840988,0.22949624061584473,0.9850468635559082,1.0158578157424927
502,128,8,6,8,0.5,10000,0.03028365969657898,0.26656052470207214,1.0020947456359863,0.9185600876808167
503,128,8,6,8,0.5,11000,0.03217853233218193,0.2554866075515747,1.004913568496704,1.0490257740020752
504,128,8,6,8,0.5,12000,0.032300207763910294,0.25602757930755615,0.9856231808662415,1.0261199474334717
505,128,8,6,8,0.5,13000,0.028777344152331352,0.21281644701957703,0.9852900505065918,0.9752794504165649
506,128,8,6,8,0.5,14000,0.03133910894393921,0.2271842360496521,1.0083942413330078,1.0776145458221436
507,128,8,6,8,0.5,15000,0.02993069216609001,0.2374744415283203,0.9893567562103271,0.9628645181655884
508,128,8,6,8,0.5,16000,0.03085518628358841,0.24771089851856232,0.9839181900024414,1.0072293281555176
509,128,8,6,8,0.5,17000,0.032820094376802444,0.2796829342842102,1.0044959783554077,0.9305998086929321
510,128,8,6,8,0.5,18000,0.032874397933483124,0.2713150680065155,0.9954658150672913,0.9640142321586609
511,128,8,6,8,0.5,19000,0.030904538929462433,0.23103700578212738,1.0068600177764893,1.0801053047180176
512,128,8,6,8,0.5,20000,0.030848924070596695,0.2499057501554489,0.9826124310493469,0.9536609649658203
513,128,8,6,8,0.5,21000,0.031274668872356415,0.23750647902488708,1.0005284547805786,0.9695956707000732
514,128,8,6,8,0.5,22000,0.03619002178311348,0.2961025834083557,1.0010193586349487,1.0790727138519287
515,128,8,6,8,0.5,23000,0.030267145484685898,0.23381420969963074,0.9936244487762451,0.9977272152900696
516,128,8,6,8,0.5,24000,0.03353995084762573,0.2987777292728424,0.9892412424087524,0.9735768437385559
517,128,8,6,8,0.5,25000,0.03296603262424469,0.259996622800827,1.0040560960769653,1.061372995376587
518,128,8,6,8,0.5,26000,0.03305205702781677,0.2703481912612915,0.9994719624519348,1.0090076923370361
519,128,8,6,8,0.5,27000,0.03176998347043991,0.23968356847763062,1.021905779838562,1.0055694580078125
520,128,8,6,8,0.5,28000,0.030704738572239876,0.24205060303211212,1.0142252445220947,0.9605174660682678
521,128,8,6,8,0.5,29000,0.03307252377271652,0.2673110365867615,1.002118468284607,1.020201325416565
522,128,8,6,8,0.5,30000,0.032069411128759384,0.2565027177333832,0.9713627099990845,1.0105180740356445
523,128,8,6,8,0.5,31000,0.03309636190533638,0.2544946074485779,0.997840166091919,1.0636861324310303
