,do,da,dz,db,chi,iter,recon_loss,act_mse,obs_mse,noi_mse
0,128,8,2,8,0,0,1.6139461994171143,0.9107989072799683,0.985206663608551,1.0
1,128,8,2,8,0,1000,0.11061578243970871,0.7502070665359497,0.9851338863372803,1.0
2,128,8,2,8,0,2000,0.06024199351668358,0.753328800201416,0.9858554005622864,1.0
3,128,8,2,8,0,3000,0.05728248134255409,0.7452731132507324,0.9851110577583313,1.0
4,128,8,2,8,0,4000,0.05480479076504707,0.7498388886451721,0.9855729341506958,1.0
5,128,8,2,8,0,5000,0.051399268209934235,0.7482563257217407,0.9849554896354675,1.0
6,128,8,2,8,0,6000,0.0493328794836998,0.7453525066375732,0.9838139414787292,1.0
7,128,8,2,8,0,7000,0.048692259937524796,0.7536264061927795,0.9826161861419678,1.0
8,128,8,2,8,0,8000,0.04856329411268234,0.753975510597229,0.9844491481781006,1.0
9,128,8,2,8,0,9000,0.04822088032960892,0.754553496837616,0.9847107529640198,1.0
10,128,8,2,8,0,10000,0.04775030165910721,0.7458317875862122,0.9854531288146973,1.0
11,128,8,2,8,0,11000,0.04812831059098244,0.7524627447128296,0.9849775433540344,1.0
12,128,8,2,8,0,12000,0.04789562523365021,0.7456973791122437,0.9840223789215088,1.0
13,128,8,2,8,0,13000,0.04787405580282211,0.7476949095726013,0.9858294725418091,1.0
14,128,8,2,8,0,14000,0.04778182879090309,0.7453415393829346,0.9849284291267395,1.0
15,128,8,2,8,0,15000,0.04848114028573036,0.7553715109825134,0.9827582240104675,1.0
16,128,8,2,8,0,16000,0.048376988619565964,0.7573588490486145,0.9838681817054749,1.0
17,128,8,2,8,0,17000,0.04812512919306755,0.7496159076690674,0.9851529002189636,1.0
18,128,8,2,8,0,18000,0.04853610694408417,0.7562243342399597,0.986771285533905,1.0
19,128,8,2,8,0,19000,0.04823725298047066,0.7543706893920898,0.9843462705612183,1.0
20,128,8,2,8,0,20000,0.047827281057834625,0.7468144297599792,0.9833353757858276,1.0
21,128,8,2,8,0,21000,0.04830055683851242,0.7550841569900513,0.9831169843673706,1.0
22,128,8,2,8,0,22000,0.047893915325403214,0.7481144666671753,0.9857062697410583,1.0
23,128,8,2,8,0,23000,0.048778608441352844,0.7616628408432007,0.9843471646308899,1.0
24,128,8,2,8,0,24000,0.04779379069805145,0.7452119588851929,0.9847051501274109,1.0
25,128,8,2,8,0,25000,0.04770418629050255,0.7462857365608215,0.9829823970794678,1.0
26,128,8,2,8,0,26000,0.047707449644804,0.7447513937950134,0.9829678535461426,1.0
27,128,8,2,8,0,27000,0.04786274954676628,0.7483086585998535,0.9869714975357056,1.0
28,128,8,2,8,0,28000,0.04842211678624153,0.7571458220481873,0.9853658080101013,1.0
29,128,8,2,8,0,29000,0.04802398756146431,0.7514877319335938,0.982952356338501,1.0
30,128,8,2,8,0,30000,0.04831788316369057,0.7547060251235962,0.9841894507408142,1.0
31,128,8,2,8,0,31000,0.047938767820596695,0.7491050958633423,0.9822277426719666,1.0
32,128,8,2,8,0,32000,0.048213496804237366,0.7511551976203918,0.9820083975791931,1.0
33,128,8,2,8,0,33000,0.048291802406311035,0.7543798089027405,0.9843140840530396,1.0
34,128,8,2,8,0,34000,0.04819374531507492,0.7513844966888428,0.9852134585380554,1.0
35,128,8,2,8,0,35000,0.0479419082403183,0.7475638389587402,0.9835325479507446,1.0
36,128,8,2,8,0,36000,0.04780647158622742,0.7463231682777405,0.9853906035423279,1.0
37,128,8,2,8,0,37000,0.04762990027666092,0.7426818609237671,0.9850038290023804,1.0
38,128,8,2,8,0,38000,0.04827926307916641,0.7547650337219238,0.9848388433456421,1.0
39,128,8,2,8,0,39000,0.04827902466058731,0.7536003589630127,0.986254870891571,1.0
40,128,8,2,8,0,40000,0.04805847629904747,0.750762403011322,0.9850580096244812,1.0
41,128,8,3,8,0,0,1.6165850162506104,0.8432650566101074,0.9773715138435364,1.0
42,128,8,3,8,0,1000,0.09491278976202011,0.624243974685669,0.9761713743209839,1.0
43,128,8,3,8,0,2000,0.05853087827563286,0.6244909167289734,0.9777063727378845,1.0
44,128,8,3,8,0,3000,0.05460019409656525,0.6229501962661743,0.978578507900238,1.0
45,128,8,3,8,0,4000,0.049416594207286835,0.6289036870002747,0.9756801724433899,1.0
46,128,8,3,8,0,5000,0.04498119652271271,0.6354430317878723,0.9776840806007385,1.0
47,128,8,3,8,0,6000,0.041878215968608856,0.6299567818641663,0.9764578342437744,1.0
48,128,8,3,8,0,7000,0.040729302912950516,0.6272878646850586,0.9788504838943481,1.0
49,128,8,3,8,0,8000,0.040068235248327255,0.6233323216438293,0.9759734272956848,1.0
50,128,8,3,8,0,9000,0.0398264080286026,0.620292603969574,0.9775586128234863,1.0
51,128,8,3,8,0,10000,0.04017593339085579,0.6240639686584473,0.9779480695724487,1.0
52,128,8,3,8,0,11000,0.040233150124549866,0.6272714138031006,0.9794869422912598,1.0
53,128,8,3,8,0,12000,0.040406160056591034,0.6285315155982971,0.975670576095581,1.0
54,128,8,3,8,0,13000,0.040478888899087906,0.6300719976425171,0.9782912135124207,1.0
55,128,8,3,8,0,14000,0.04000473394989967,0.6231241226196289,0.9760295152664185,1.0
56,128,8,3,8,0,15000,0.040535155683755875,0.633895218372345,0.9748274683952332,1.0
57,128,8,3,8,0,16000,0.040000464767217636,0.6234428882598877,0.9767506718635559,1.0
58,128,8,3,8,0,17000,0.039785727858543396,0.6212375164031982,0.9796108603477478,1.0
59,128,8,3,8,0,18000,0.0400097519159317,0.6224207282066345,0.9797103404998779,1.0
60,128,8,3,8,0,19000,0.04007049277424812,0.6248746514320374,0.9771411418914795,1.0
61,128,8,3,8,0,20000,0.04024337977170944,0.625830888748169,0.9787430763244629,1.0
62,128,8,3,8,0,21000,0.04022914543747902,0.6265028715133667,0.9800691604614258,1.0
63,128,8,3,8,0,22000,0.04072174057364464,0.6309096813201904,0.9785609245300293,1.0
64,128,8,3,8,0,23000,0.040695756673812866,0.6328598856925964,0.9783603549003601,1.0
65,128,8,3,8,0,24000,0.039887815713882446,0.6200734376907349,0.9761736392974854,1.0
66,128,8,3,8,0,25000,0.039985839277505875,0.6219696998596191,0.9773896336555481,1.0
67,128,8,3,8,0,26000,0.04049842059612274,0.6285433769226074,0.9774386882781982,1.0
68,128,8,3,8,0,27000,0.04013434052467346,0.6264593005180359,0.978764533996582,1.0
69,128,8,3,8,0,28000,0.04015688598155975,0.6261803507804871,0.9775904417037964,1.0
70,128,8,3,8,0,29000,0.039949171245098114,0.6208675503730774,0.9771813750267029,1.0
71,128,8,3,8,0,30000,0.040736980736255646,0.6343824863433838,0.9789984226226807,1.0
72,128,8,3,8,0,31000,0.04045399650931358,0.6268038749694824,0.9758415222167969,1.0
73,128,8,3,8,0,32000,0.04011385142803192,0.6251354813575745,0.9771694540977478,1.0
74,128,8,3,8,0,33000,0.04040376469492912,0.630115270614624,0.9773447513580322,1.0
75,128,8,3,8,0,34000,0.04044261947274208,0.6298133134841919,0.9772308468818665,1.0
76,128,8,3,8,0,35000,0.04032032936811447,0.629995584487915,0.9768714904785156,1.0
77,128,8,3,8,0,36000,0.04015937075018883,0.6238580346107483,0.9765501022338867,1.0
78,128,8,3,8,0,37000,0.04036981984972954,0.6271163821220398,0.9768401384353638,1.0
79,128,8,3,8,0,38000,0.039923060685396194,0.6221911907196045,0.9776166081428528,1.0
80,128,8,3,8,0,39000,0.04073034226894379,0.6330718994140625,0.9766710996627808,1.0
81,128,8,3,8,0,40000,0.03967786207795143,0.6191706657409668,0.9776281118392944,1.0
82,128,8,4,8,0,0,1.5754145383834839,0.841393768787384,0.9689926505088806,1.0
83,128,8,4,8,0,1000,0.0851617306470871,0.5034445524215698,0.9697008728981018,1.0
84,128,8,4,8,0,2000,0.055518243461847305,0.49670615792274475,0.9695514440536499,1.0
85,128,8,4,8,0,3000,0.049420859664678574,0.4978529214859009,0.9700877666473389,1.0
86,128,8,4,8,0,4000,0.042604029178619385,0.5012819170951843,0.9700272679328918,1.0
87,128,8,4,8,0,5000,0.037463996559381485,0.5030953884124756,0.9672821164131165,1.0
88,128,8,4,8,0,6000,0.0336984284222126,0.4993680715560913,0.9682583808898926,1.0
89,128,8,4,8,0,7000,0.032862886786460876,0.5040449500083923,0.9700953364372253,1.0
90,128,8,4,8,0,8000,0.032533198595047,0.5008284449577332,0.9699759483337402,1.0
91,128,8,4,8,0,9000,0.03237645700573921,0.5025869011878967,0.9698058366775513,1.0
92,128,8,4,8,0,10000,0.03242776170372963,0.5034120082855225,0.9683290719985962,1.0
93,128,8,4,8,0,11000,0.03237918019294739,0.5051067471504211,0.9705479741096497,1.0
94,128,8,4,8,0,12000,0.03244931250810623,0.5063158273696899,0.9701250791549683,1.0
95,128,8,4,8,0,13000,0.03211129456758499,0.49646127223968506,0.9693582057952881,1.0
96,128,8,4,8,0,14000,0.032160647213459015,0.49913662672042847,0.9711958169937134,1.0
97,128,8,4,8,0,15000,0.03243133798241615,0.5040497183799744,0.969618558883667,1.0
98,128,8,4,8,0,16000,0.032247986644506454,0.5019318461418152,0.9692890644073486,1.0
99,128,8,4,8,0,17000,0.032299380749464035,0.5035509467124939,0.9708971977233887,1.0
100,128,8,4,8,0,18000,0.0324990339577198,0.5057023167610168,0.9696928858757019,1.0
101,128,8,4,8,0,19000,0.03226948529481888,0.5017246603965759,0.9693987369537354,1.0
102,128,8,4,8,0,20000,0.03250221163034439,0.5043595433235168,0.968518853187561,1.0
103,128,8,4,8,0,21000,0.031929004937410355,0.4955002963542938,0.9707054495811462,1.0
104,128,8,4,8,0,22000,0.03205812722444534,0.49936631321907043,0.969006359577179,1.0
105,128,8,4,8,0,23000,0.03254649043083191,0.504633367061615,0.9716676473617554,1.0
106,128,8,4,8,0,24000,0.03225944936275482,0.5007174611091614,0.9711105227470398,1.0
107,128,8,4,8,0,25000,0.032281097024679184,0.5013788938522339,0.9706519246101379,1.0
108,128,8,4,8,0,26000,0.03220091015100479,0.4995012581348419,0.9715300798416138,1.0
109,128,8,4,8,0,27000,0.03206707909703255,0.4988470673561096,0.969933032989502,1.0
110,128,8,4,8,0,28000,0.03266651928424835,0.5075084567070007,0.9688719511032104,1.0
111,128,8,4,8,0,29000,0.03243900462985039,0.5019872784614563,0.9671014547348022,1.0
112,128,8,4,8,0,30000,0.03248341754078865,0.5059616565704346,0.968874990940094,1.0
113,128,8,4,8,0,31000,0.03207449987530708,0.49981439113616943,0.9684345722198486,1.0
114,128,8,4,8,0,32000,0.03284037113189697,0.5093727707862854,0.9699106216430664,1.0
115,128,8,4,8,0,33000,0.03244974836707115,0.5045334696769714,0.970283031463623,1.0
116,128,8,4,8,0,34000,0.03225281462073326,0.5002826452255249,0.970043957233429,1.0
117,128,8,4,8,0,35000,0.032182347029447556,0.5021472573280334,0.9667162895202637,1.0
118,128,8,4,8,0,36000,0.03296764940023422,0.5110383033752441,0.970227062702179,1.0
119,128,8,4,8,0,37000,0.03237699717283249,0.5033011436462402,0.9724067449569702,1.0
120,128,8,4,8,0,38000,0.032342907041311264,0.5027234554290771,0.9684803485870361,1.0
121,128,8,4,8,0,39000,0.03235377371311188,0.504691481590271,0.9680882692337036,1.0
122,128,8,4,8,0,40000,0.032417383044958115,0.5038110613822937,0.9717856645584106,1.0
123,128,8,5,8,0,0,1.5904227495193481,0.8811273574829102,0.9608365297317505,1.0
124,128,8,5,8,0,1000,0.07830799371004105,0.37478330731391907,0.960577130317688,1.0
125,128,8,5,8,0,2000,0.05126114934682846,0.37756314873695374,0.963377833366394,1.0
126,128,8,5,8,0,3000,0.041858624666929245,0.3765771985054016,0.9605351686477661,1.0
127,128,8,5,8,0,4000,0.03243844956159592,0.3768640458583832,0.9642144441604614,1.0
128,128,8,5,8,0,5000,0.02686663158237934,0.37662452459335327,0.9639713168144226,1.0
129,128,8,5,8,0,6000,0.025196343660354614,0.37995100021362305,0.9617218971252441,1.0
130,128,8,5,8,0,7000,0.024097245186567307,0.37402641773223877,0.9630087614059448,1.0
131,128,8,5,8,0,8000,0.024476924911141396,0.3785552978515625,0.9614347815513611,1.0
132,128,8,5,8,0,9000,0.02426905371248722,0.37610504031181335,0.9633502960205078,1.0
133,128,8,5,8,0,10000,0.024471210315823555,0.38009560108184814,0.9619309306144714,1.0
134,128,8,5,8,0,11000,0.02438271977007389,0.378396213054657,0.9648283123970032,1.0
135,128,8,5,8,0,12000,0.024368496611714363,0.37690457701683044,0.961743950843811,1.0
136,128,8,5,8,0,13000,0.024280628189444542,0.37504813075065613,0.961611807346344,1.0
137,128,8,5,8,0,14000,0.02417716756463051,0.3737260401248932,0.962275505065918,1.0
138,128,8,5,8,0,15000,0.02389383129775524,0.37065836787223816,0.9626126885414124,1.0
139,128,8,5,8,0,16000,0.02396426349878311,0.3710425794124603,0.963210940361023,1.0
140,128,8,5,8,0,17000,0.02445686236023903,0.3779851794242859,0.9639901518821716,1.0
141,128,8,5,8,0,18000,0.024555234238505363,0.37930622696876526,0.9607998132705688,1.0
142,128,8,5,8,0,19000,0.02433321624994278,0.3765203058719635,0.9625734090805054,1.0
143,128,8,5,8,0,20000,0.0242383424192667,0.3729857802391052,0.961703896522522,1.0
144,128,8,5,8,0,21000,0.024441536515951157,0.3789248764514923,0.9623344540596008,1.0
145,128,8,5,8,0,22000,0.024316031485795975,0.3768674433231354,0.9621235132217407,1.0
146,128,8,5,8,0,23000,0.024261217564344406,0.3755756914615631,0.9615482687950134,1.0
147,128,8,5,8,0,24000,0.023898810148239136,0.37090858817100525,0.965549886226654,1.0
148,128,8,5,8,0,25000,0.02421182207763195,0.3758709132671356,0.9634905457496643,1.0
149,128,8,5,8,0,26000,0.024601517245173454,0.38006746768951416,0.9615777134895325,1.0
150,128,8,5,8,0,27000,0.024698447436094284,0.38044923543930054,0.9626226425170898,1.0
151,128,8,5,8,0,28000,0.024185284972190857,0.3764597773551941,0.9639419913291931,1.0
152,128,8,5,8,0,29000,0.024440253153443336,0.37723857164382935,0.9632874131202698,1.0
153,128,8,5,8,0,30000,0.024307526648044586,0.3758726119995117,0.9634407162666321,1.0
154,128,8,5,8,0,31000,0.024109771475195885,0.3717105984687805,0.962394654750824,1.0
155,128,8,5,8,0,32000,0.02415049634873867,0.37498384714126587,0.961708128452301,1.0
156,128,8,5,8,0,33000,0.024607352912425995,0.38044315576553345,0.962233304977417,1.0
157,128,8,5,8,0,34000,0.024373987689614296,0.37676453590393066,0.9625891447067261,1.0
158,128,8,5,8,0,35000,0.02455194480717182,0.3789817988872528,0.9627786874771118,1.0
159,128,8,5,8,0,36000,0.024020684882998466,0.3737800121307373,0.9644433856010437,1.0
160,128,8,5,8,0,37000,0.024395210668444633,0.3775710463523865,0.9641082286834717,1.0
161,128,8,5,8,0,38000,0.02439775876700878,0.3759597837924957,0.9605101346969604,1.0
162,128,8,5,8,0,39000,0.02447761595249176,0.37917962670326233,0.9616809487342834,1.0
163,128,8,5,8,0,40000,0.024188684299588203,0.373458594083786,0.9624848365783691,1.0
164,128,8,6,8,0,0,1.6116325855255127,0.8638412952423096,0.9563467502593994,1.0
165,128,8,6,8,0,1000,0.06816160678863525,0.24989934265613556,0.9554443359375,1.0
166,128,8,6,8,0,2000,0.04104466736316681,0.2510462999343872,0.9550499320030212,1.0
167,128,8,6,8,0,3000,0.028617126867175102,0.24858888983726501,0.9540720582008362,1.0
168,128,8,6,8,0,4000,0.0201910100877285,0.2551518380641937,0.9556398391723633,1.0
169,128,8,6,8,0,5000,0.016980387270450592,0.25166887044906616,0.9550874829292297,1.0
170,128,8,6,8,0,6000,0.016453957185149193,0.25229987502098083,0.9571583271026611,1.0
171,128,8,6,8,0,7000,0.01645670086145401,0.2530006468296051,0.9535359144210815,1.0
172,128,8,6,8,0,8000,0.016672376543283463,0.2541345953941345,0.9528425931930542,1.0
173,128,8,6,8,0,9000,0.016371000558137894,0.2509630024433136,0.9545514583587646,1.0
174,128,8,6,8,0,10000,0.016137072816491127,0.2482839822769165,0.9574191570281982,1.0
175,128,8,6,8,0,11000,0.01649889349937439,0.2512299120426178,0.9547567367553711,1.0
176,128,8,6,8,0,12000,0.01632688194513321,0.2511257827281952,0.9543122053146362,1.0
177,128,8,6,8,0,13000,0.01627974770963192,0.2521056830883026,0.9540055394172668,1.0
178,128,8,6,8,0,14000,0.016481099650263786,0.25103259086608887,0.9553723335266113,1.0
179,128,8,6,8,0,15000,0.016537830233573914,0.25389564037323,0.9553050994873047,1.0
180,128,8,6,8,0,16000,0.016284771263599396,0.2508639991283417,0.9539967775344849,1.0
181,128,8,6,8,0,17000,0.016290877014398575,0.2511291205883026,0.9558212161064148,1.0
182,128,8,6,8,0,18000,0.016027504578232765,0.24858173727989197,0.9552872180938721,1.0
183,128,8,6,8,0,19000,0.016509367153048515,0.2528603971004486,0.9556719660758972,1.0
184,128,8,6,8,0,20000,0.016492383554577827,0.25272324681282043,0.954013466835022,1.0
185,128,8,6,8,0,21000,0.016292685642838478,0.2496568113565445,0.9531652331352234,1.0
186,128,8,6,8,0,22000,0.016278015449643135,0.24885913729667664,0.953158974647522,1.0
187,128,8,6,8,0,23000,0.01625804416835308,0.25210171937942505,0.9542632699012756,1.0
188,128,8,6,8,0,24000,0.016564812511205673,0.25457698106765747,0.9535375237464905,1.0
189,128,8,6,8,0,25000,0.016771217808127403,0.25686949491500854,0.9556915760040283,1.0
190,128,8,6,8,0,26000,0.01630665548145771,0.24885942041873932,0.9544855356216431,1.0
191,128,8,6,8,0,27000,0.016436873003840446,0.2522587776184082,0.9571408033370972,1.0
192,128,8,6,8,0,28000,0.016282686963677406,0.2512526214122772,0.9544673562049866,1.0
193,128,8,6,8,0,29000,0.01613982766866684,0.24708209931850433,0.9555635452270508,1.0
194,128,8,6,8,0,30000,0.016317633911967278,0.2508980631828308,0.9557242393493652,1.0
195,128,8,6,8,0,31000,0.016361964866518974,0.251115083694458,0.9571292996406555,1.0
196,128,8,6,8,0,32000,0.016359679400920868,0.24967122077941895,0.9560326933860779,1.0
197,128,8,6,8,0,33000,0.01647339202463627,0.25232604146003723,0.9524242281913757,1.0
198,128,8,6,8,0,34000,0.01633625105023384,0.2506217360496521,0.9564054608345032,1.0
199,128,8,6,8,0,35000,0.016217218711972237,0.24966548383235931,0.9552065134048462,1.0
200,128,8,6,8,0,36000,0.01632227562367916,0.251142680644989,0.9565716981887817,1.0
201,128,8,6,8,0,37000,0.01634897105395794,0.2501862645149231,0.954290509223938,1.0
202,128,8,6,8,0,38000,0.016333725303411484,0.2493741512298584,0.9541399478912354,1.0
203,128,8,6,8,0,39000,0.016231153160333633,0.2517394423484802,0.9575602412223816,1.0
204,128,8,6,8,0,40000,0.01634969189763069,0.2519025504589081,0.9541810750961304,1.0
205,128,8,7,8,0,0,1.5887880325317383,0.8519863486289978,0.9458454847335815,1.0
206,128,8,7,8,0,1000,0.06241792440414429,0.12738829851150513,0.9449275135993958,1.0
207,128,8,7,8,0,2000,0.03895760700106621,0.12889464199543,0.9494670033454895,1.0
208,128,8,7,8,0,3000,0.02505364455282688,0.12648721039295197,0.9481064677238464,1.0
209,128,8,7,8,0,4000,0.013654913753271103,0.12720267474651337,0.9480997920036316,1.0
210,128,8,7,8,0,5000,0.008939158171415329,0.1270093023777008,0.9466983675956726,1.0
211,128,8,7,8,0,6000,0.00814733561128378,0.12425976246595383,0.9493952989578247,1.0
212,128,8,7,8,0,7000,0.008341926150023937,0.1271909475326538,0.9469594955444336,1.0
213,128,8,7,8,0,8000,0.008135857060551643,0.12450548261404037,0.9472773671150208,1.0
214,128,8,7,8,0,9000,0.00831612665206194,0.12776950001716614,0.9469136595726013,1.0
215,128,8,7,8,0,10000,0.00829420704394579,0.12472230195999146,0.9480985403060913,1.0
216,128,8,7,8,0,11000,0.008105187676846981,0.12128561735153198,0.950495719909668,1.0
217,128,8,7,8,0,12000,0.008149583823978901,0.12445305287837982,0.9467118382453918,1.0
218,128,8,7,8,0,13000,0.008530773222446442,0.12873849272727966,0.9476999044418335,1.0
219,128,8,7,8,0,14000,0.008242272771894932,0.1252296268939972,0.9482698440551758,1.0
220,128,8,7,8,0,15000,0.008191384375095367,0.12590399384498596,0.9480343461036682,1.0
221,128,8,7,8,0,16000,0.008344965055584908,0.1272355318069458,0.9491565227508545,1.0
222,128,8,7,8,0,17000,0.00822101254016161,0.12526914477348328,0.948141872882843,1.0
223,128,8,7,8,0,18000,0.00838757585734129,0.1272459775209427,0.948418140411377,1.0
224,128,8,7,8,0,19000,0.008074810728430748,0.12263946235179901,0.9476605653762817,1.0
225,128,8,7,8,0,20000,0.008175462484359741,0.1239890605211258,0.9479100704193115,1.0
226,128,8,7,8,0,21000,0.00817346666008234,0.12373410910367966,0.947711706161499,1.0
227,128,8,7,8,0,22000,0.008487323299050331,0.12840420007705688,0.9492542743682861,1.0
228,128,8,7,8,0,23000,0.008270202204585075,0.12729677557945251,0.9458667039871216,1.0
229,128,8,7,8,0,24000,0.008246727287769318,0.12567956745624542,0.9464209079742432,1.0
230,128,8,7,8,0,25000,0.0082571255043149,0.12441911548376083,0.9486033916473389,1.0
231,128,8,7,8,0,26000,0.008391288109123707,0.1272275298833847,0.9470150470733643,1.0
232,128,8,7,8,0,27000,0.008399865590035915,0.12614284455776215,0.9460345506668091,1.0
233,128,8,7,8,0,28000,0.008203835226595402,0.12384599447250366,0.9492615461349487,1.0
234,128,8,7,8,0,29000,0.00832589715719223,0.12642282247543335,0.9472538828849792,1.0
235,128,8,7,8,0,30000,0.008201543241739273,0.12483580410480499,0.9464501142501831,1.0
236,128,8,7,8,0,31000,0.008284484036266804,0.1272912621498108,0.9468848705291748,1.0
237,128,8,7,8,0,32000,0.008212817832827568,0.1254902482032776,0.9465616941452026,1.0
238,128,8,7,8,0,33000,0.008150020614266396,0.12374990433454514,0.948676347732544,1.0
239,128,8,7,8,0,34000,0.008162814192473888,0.12443138659000397,0.9474197030067444,1.0
240,128,8,7,8,0,35000,0.008407095447182655,0.1275205910205841,0.9488121271133423,1.0
241,128,8,7,8,0,36000,0.008309602737426758,0.1250375658273697,0.9484026432037354,1.0
242,128,8,7,8,0,37000,0.00833503995090723,0.12661661207675934,0.947941780090332,1.0
243,128,8,7,8,0,38000,0.008496682159602642,0.12899546325206757,0.9474869966506958,1.0
244,128,8,7,8,0,39000,0.008111977018415928,0.12258516997098923,0.9475155472755432,1.0
245,128,8,7,8,0,40000,0.00824526883661747,0.12528838217258453,0.9463886618614197,1.0
246,128,8,8,8,0,0,1.5985180139541626,0.8558636903762817,0.9391587972640991,1.0
247,128,8,8,8,0,1000,0.06129768118262291,0.027721060439944267,0.938285231590271,1.0
248,128,8,8,8,0,2000,0.038521964102983475,0.00018348688900005072,0.9387524127960205,1.0
249,128,8,8,8,0,3000,0.022375160828232765,4.568732765619643e-05,0.9403812289237976,1.0
250,128,8,8,8,0,4000,0.009830274619162083,5.03593691973947e-05,0.9429090023040771,1.0
251,128,8,8,8,0,5000,0.001958386041224003,0.00043413916137069464,0.938023030757904,1.0
252,128,8,8,8,0,6000,0.00014431231829803437,0.001018742797896266,0.9409005045890808,1.0
253,128,8,8,8,0,7000,0.00010648770694388077,0.0014408270362764597,0.9397948980331421,1.0
254,128,8,8,8,0,8000,8.983381121652201e-05,0.0011066464940086007,0.9397260546684265,1.0
255,128,8,8,8,0,9000,0.00013069238048046827,0.0011259439634159207,0.9379115104675293,1.0
256,128,8,8,8,0,10000,0.00011533771612448618,0.0007685720920562744,0.9399531483650208,1.0
257,128,8,8,8,0,11000,5.2191968279657885e-05,0.00042030573240481317,0.9408886432647705,1.0
258,128,8,8,8,0,12000,7.110926526365802e-05,0.0004905437235720456,0.9394912123680115,1.0
259,128,8,8,8,0,13000,6.187274266267195e-05,0.00041284452890977263,0.9391771554946899,1.0
260,128,8,8,8,0,14000,8.143066224874929e-05,0.0003894976689480245,0.9418322443962097,1.0
261,128,8,8,8,0,15000,6.316541112028062e-05,0.0003354513319209218,0.9391640424728394,1.0
262,128,8,8,8,0,16000,7.284106686711311e-05,0.0003736104699783027,0.9394935369491577,1.0
263,128,8,8,8,0,17000,0.00010602807014947757,0.00043707736767828465,0.9396041035652161,1.0
264,128,8,8,8,0,18000,0.0001120163215091452,0.0005060249823145568,0.9401870965957642,1.0
265,128,8,8,8,0,19000,0.00012491154484450817,0.0005607184139080346,0.9403209090232849,1.0
266,128,8,8,8,0,20000,5.905200305278413e-05,0.0002716241287998855,0.9433507919311523,1.0
267,128,8,8,8,0,21000,6.944914639461786e-05,0.0003256593190599233,0.9397466778755188,1.0
268,128,8,8,8,0,22000,6.342041160678491e-05,0.00029932393226772547,0.9395929574966431,1.0
269,128,8,8,8,0,23000,7.875949813751504e-05,0.0001964832772500813,0.9382960796356201,1.0
270,128,8,8,8,0,24000,0.00010182484402321279,0.00038144836435094476,0.9408270716667175,1.0
271,128,8,8,8,0,25000,7.918666960904375e-05,0.0002586032496765256,0.9391699433326721,1.0
272,128,8,8,8,0,26000,8.419316873187199e-05,0.00030469169723801315,0.9408635497093201,1.0
273,128,8,8,8,0,27000,0.00010561212548054755,0.0003297464281786233,0.9428566694259644,1.0
274,128,8,8,8,0,28000,6.919565930729732e-05,0.00026946747675538063,0.9429189562797546,1.0
275,128,8,8,8,0,29000,8.39323183754459e-05,0.0002679770113900304,0.9428414106369019,1.0
276,128,8,8,8,0,30000,0.00011404318502172828,0.0004451314453035593,0.9397577047348022,1.0
277,128,8,8,8,0,31000,9.671999578131363e-05,0.0002497273962944746,0.9404314160346985,1.0
278,128,8,8,8,0,32000,3.213629679521546e-05,0.00012747285654768348,0.9410576224327087,1.0
279,128,8,8,8,0,33000,5.96809150010813e-05,0.000179367110831663,0.943071186542511,1.0
280,128,8,8,8,0,34000,4.866169547312893e-05,0.0001831438858062029,0.9416277408599854,1.0
281,128,8,8,8,0,35000,5.1279272156534716e-05,0.00017460745584685355,0.9430805444717407,1.0
282,128,8,8,8,0,36000,9.634984598960727e-05,0.0002910466573666781,0.9385114312171936,1.0
283,128,8,8,8,0,37000,3.897795613738708e-05,0.0001493337331339717,0.9408997893333435,1.0
284,128,8,8,8,0,38000,8.728407556191087e-05,0.00028856811695732176,0.9418360590934753,1.0
285,128,8,8,8,0,39000,7.51144762034528e-05,0.00024878871045075357,0.9423690438270569,1.0
286,128,8,8,8,0,40000,6.751530600013211e-05,0.0002253641578136012,0.9422253966331482,1.0
287,128,8,9,8,0,0,1.5890576839447021,0.8151417970657349,0.9308546781539917,1.0
288,128,8,9,8,0,1000,0.05490422993898392,0.006914181634783745,0.9325549006462097,1.0
289,128,8,9,8,0,2000,0.030694516375660896,8.007008727872744e-05,0.9324358105659485,1.0
290,128,8,9,8,0,3000,0.01463528722524643,3.078669760725461e-05,0.9340062737464905,1.0
291,128,8,9,8,0,4000,0.004416517447680235,2.192547071899753e-05,0.9338350296020508,1.0
292,128,8,9,8,0,5000,0.000330018054228276,0.0007593543268740177,0.9343553781509399,1.0
293,128,8,9,8,0,6000,4.2014064092654735e-05,0.00044596687075681984,0.9334971904754639,1.0
294,128,8,9,8,0,7000,6.946807843632996e-05,0.0005287651438266039,0.9348199367523193,1.0
295,128,8,9,8,0,8000,5.915521251154132e-05,0.0004926433321088552,0.9331852793693542,1.0
296,128,8,9,8,0,9000,5.2998548198956996e-05,0.0005519834812730551,0.9339280128479004,1.0
297,128,8,9,8,0,10000,0.0001600305549800396,0.0009140570764429867,0.9316695332527161,1.0
298,128,8,9,8,0,11000,0.00010443430073792115,0.0006859453278593719,0.930601954460144,1.0
299,128,8,9,8,0,12000,9.604054503142834e-05,0.00042781257070600986,0.9330239295959473,1.0
300,128,8,9,8,0,13000,8.934013749239966e-05,0.00042916301754303277,0.9314140677452087,1.0
301,128,8,9,8,0,14000,0.00012122973566874862,0.0005633959663100541,0.9341566562652588,1.0
302,128,8,9,8,0,15000,0.0001119577864301391,0.0005072831991128623,0.9328177571296692,1.0
303,128,8,9,8,0,16000,0.00010134060721611604,0.0006116133881732821,0.9344505667686462,1.0
304,128,8,9,8,0,17000,8.707641973160207e-05,0.0003033880202565342,0.9336446523666382,1.0
305,128,8,9,8,0,18000,0.00012726188288070261,0.0003670991281978786,0.9344986081123352,1.0
306,128,8,9,8,0,19000,0.00010323635069653392,0.00037352650542743504,0.932827353477478,1.0
307,128,8,9,8,0,20000,7.578123040730134e-05,0.00026753972633741796,0.9338177442550659,1.0
308,128,8,9,8,0,21000,6.419725832529366e-05,0.0002843338006641716,0.9342582821846008,1.0
309,128,8,9,8,0,22000,6.354577635647729e-05,0.00022558541968464851,0.9347957968711853,1.0
310,128,8,9,8,0,23000,0.0001262463629245758,0.0003619360504671931,0.9323216080665588,1.0
311,128,8,9,8,0,24000,7.551183080067858e-05,0.00023917002545204014,0.9334535002708435,1.0
312,128,8,9,8,0,25000,5.9741716540884227e-05,0.00021642771025653929,0.9334751963615417,1.0
313,128,8,9,8,0,26000,8.333414007211104e-05,0.00019788202189374715,0.9323257803916931,1.0
314,128,8,9,8,0,27000,7.926583930384368e-05,0.00019447534577921033,0.9332033395767212,1.0
315,128,8,9,8,0,28000,6.517345173051581e-05,0.00021740849479101598,0.9320433735847473,1.0
316,128,8,9,8,0,29000,4.4735959818353876e-05,0.00015554987476207316,0.9352472424507141,1.0
317,128,8,9,8,0,30000,0.00011910191824426875,0.0003450754738878459,0.9327520728111267,1.0
318,128,8,9,8,0,31000,5.219450031290762e-05,0.00019346873159520328,0.9327446222305298,1.0
319,128,8,9,8,0,32000,7.976204506121576e-05,0.0002466033329255879,0.9340632557868958,1.0
320,128,8,9,8,0,33000,4.328711293055676e-05,0.0001302562450291589,0.9348791837692261,1.0
321,128,8,9,8,0,34000,5.2313531341496855e-05,0.00014959681720938534,0.9355177879333496,1.0
322,128,8,9,8,0,35000,4.7927696869010106e-05,0.0001677149994065985,0.9355005025863647,1.0
323,128,8,9,8,0,36000,3.665377516881563e-05,9.764653077581897e-05,0.9346387982368469,1.0
324,128,8,9,8,0,37000,5.7424760598223656e-05,0.000185632350621745,0.9349255561828613,1.0
325,128,8,9,8,0,38000,5.0234295486006886e-05,0.00018052911036647856,0.9331848621368408,1.0
326,128,8,9,8,0,39000,5.7401121011935174e-05,0.00017698362353257835,0.9354329109191895,1.0
327,128,8,9,8,0,40000,5.1576989790191874e-05,0.0001640820555621758,0.9359596967697144,1.0
328,128,8,10,8,0,0,1.5891666412353516,0.811002254486084,0.9248831868171692,1.0
329,128,8,10,8,0,1000,0.0480666384100914,0.0006548779201693833,0.9248915314674377,1.0
330,128,8,10,8,0,2000,0.02513130195438862,3.555795774445869e-05,0.9235919713973999,1.0
331,128,8,10,8,0,3000,0.00881024356931448,1.0784437108668499e-05,0.9259177446365356,1.0
332,128,8,10,8,0,4000,0.0009991880506277084,5.794706794404192e-06,0.9246463775634766,1.0
333,128,8,10,8,0,5000,8.63772293087095e-05,0.0004724372993223369,0.9267982244491577,1.0
334,128,8,10,8,0,6000,4.404329229146242e-05,0.0003276342758908868,0.9241254925727844,1.0
335,128,8,10,8,0,7000,7.258621917571872e-05,0.00048175788833759725,0.9247392416000366,1.0
336,128,8,10,8,0,8000,4.5112970838090405e-05,0.00033288198756054044,0.9219794869422913,1.0
337,128,8,10,8,0,9000,0.00011040727258659899,0.0008721566991880536,0.923439085483551,1.0
338,128,8,10,8,0,10000,0.00010263062722515315,0.0004811154503840953,0.925839364528656,1.0
339,128,8,10,8,0,11000,0.00010295128595316783,0.0006712837493978441,0.9230843782424927,1.0
340,128,8,10,8,0,12000,0.0001386642106808722,0.0008299739565700293,0.925693929195404,1.0
341,128,8,10,8,0,13000,9.728349687065929e-05,0.0005670531536452472,0.9240673780441284,1.0
342,128,8,10,8,0,14000,7.952931628096849e-05,0.0004367689252831042,0.9266707897186279,1.0
343,128,8,10,8,0,15000,0.00017531908815726638,0.0004808054945897311,0.9283856153488159,1.0
344,128,8,10,8,0,16000,0.00011117082613054663,0.0005365407560020685,0.9252412915229797,1.0
345,128,8,10,8,0,17000,7.224579167086631e-05,0.0003533286217134446,0.9242992997169495,1.0
346,128,8,10,8,0,18000,0.00020829885033890605,0.0005291638663038611,0.9251689314842224,1.0
347,128,8,10,8,0,19000,7.991901657078415e-05,0.00027628353564068675,0.9270650148391724,1.0
348,128,8,10,8,0,20000,0.00010669052426237613,0.00043423991883173585,0.9246599674224854,1.0
349,128,8,10,8,0,21000,8.782554505160078e-05,0.00030469175544567406,0.925432026386261,1.0
350,128,8,10,8,0,22000,5.49979813513346e-05,0.0001803544000722468,0.9243950247764587,1.0
351,128,8,10,8,0,23000,4.860924673266709e-05,0.00016982881061267108,0.9250518679618835,1.0
352,128,8,10,8,0,24000,0.0001349859230685979,0.00022368117060977966,0.9250264763832092,1.0
353,128,8,10,8,0,25000,4.8931695346254855e-05,0.00015076849376782775,0.9272105693817139,1.0
354,128,8,10,8,0,26000,6.454413960454985e-05,0.00020246152416802943,0.9253877997398376,1.0
355,128,8,10,8,0,27000,6.966076034586877e-05,0.0002453592314850539,0.9257485270500183,1.0
356,128,8,10,8,0,28000,7.809392991475761e-05,0.00018866501341108233,0.9274487495422363,1.0
357,128,8,10,8,0,29000,0.00013449230755213648,0.0002446002035867423,0.9256696105003357,1.0
358,128,8,10,8,0,30000,0.0001197323581436649,0.0002484550350345671,0.9249570369720459,1.0
359,128,8,10,8,0,31000,0.0001047903424478136,0.0002786540426313877,0.9252158403396606,1.0
360,128,8,10,8,0,32000,8.484763384331018e-05,0.00020953683997504413,0.9259750843048096,1.0
361,128,8,10,8,0,33000,7.274111703736708e-05,0.0002027003065450117,0.9272483587265015,1.0
362,128,8,10,8,0,34000,0.00020126986782997847,0.0003619335184339434,0.9261924624443054,1.0
363,128,8,10,8,0,35000,0.00016371835954487324,0.0004123979015275836,0.9255337715148926,1.0
364,128,8,10,8,0,36000,9.582718485035002e-05,0.00022458880266640335,0.9272611141204834,1.0
365,128,8,10,8,0,37000,4.978758443030529e-05,0.00016416692233178765,0.9275263547897339,1.0
366,128,8,10,8,0,38000,3.5987024602945894e-05,0.00013538908387999982,0.9255572557449341,1.0
367,128,8,10,8,0,39000,3.6824450944550335e-05,0.00014483826817013323,0.9274954795837402,1.0
368,128,8,10,8,0,40000,7.14365451131016e-05,0.00018328125588595867,0.9266193509101868,1.0
369,128,8,11,8,0,0,1.5899688005447388,0.7964428663253784,0.9160715937614441,1.0
370,128,8,11,8,0,1000,0.04548436403274536,0.0011537800310179591,0.9173400402069092,1.0
371,128,8,11,8,0,2000,0.02221415564417839,4.1045917896553874e-05,0.915169358253479,1.0
372,128,8,11,8,0,3000,0.005812003742903471,1.1672334039758425e-05,0.9196299910545349,1.0
373,128,8,11,8,0,4000,0.0003545070067048073,3.029190793313319e-06,0.9178676009178162,1.0
374,128,8,11,8,0,5000,1.993641853914596e-05,7.27811420802027e-05,0.9175237417221069,1.0
375,128,8,11,8,0,6000,3.9429265598300844e-05,6.594594742637128e-05,0.9195143580436707,1.0
376,128,8,11,8,0,7000,2.826877789630089e-05,0.00011533933866303414,0.918136715888977,1.0
377,128,8,11,8,0,8000,5.963895455352031e-05,0.00023871629673521966,0.9151628613471985,1.0
378,128,8,11,8,0,9000,6.058180224499665e-05,0.0003074035048484802,0.9179724454879761,1.0
379,128,8,11,8,0,10000,7.841889600967988e-05,0.0003056188579648733,0.9169718027114868,1.0
380,128,8,11,8,0,11000,0.00018089076911564916,0.0005472198827192187,0.9184319376945496,1.0
381,128,8,11,8,0,12000,0.00013299509009812027,0.0005529489135369658,0.9175673127174377,1.0
382,128,8,11,8,0,13000,9.367959864903241e-05,0.0004445752711035311,0.9176649451255798,1.0
383,128,8,11,8,0,14000,0.00015154817083384842,0.00039668884710408747,0.9187493324279785,1.0
384,128,8,11,8,0,15000,0.00014353194274008274,0.0005041233962401748,0.9187784194946289,1.0
385,128,8,11,8,0,16000,0.00010625941649777815,0.0004381041508167982,0.9201412796974182,1.0
386,128,8,11,8,0,17000,8.386405534110963e-05,0.00033145470661111176,0.918308675289154,1.0
387,128,8,11,8,0,18000,0.00012124246131861582,0.00043363834265619516,0.9187145233154297,1.0
388,128,8,11,8,0,19000,0.00014705235662404448,0.0003952211991418153,0.919335126876831,1.0
389,128,8,11,8,0,20000,7.947316044010222e-05,0.0003047826758120209,0.917347252368927,1.0
390,128,8,11,8,0,21000,8.801902004051954e-05,0.000191966348211281,0.9168875813484192,1.0
391,128,8,11,8,0,22000,7.747081690467894e-05,0.0002648276276886463,0.918686032295227,1.0
392,128,8,11,8,0,23000,7.242996070999652e-05,0.00019582186359912157,0.9189708828926086,1.0
393,128,8,11,8,0,24000,6.98719741194509e-05,0.00021909872884862125,0.9152077436447144,1.0
394,128,8,11,8,0,25000,6.92965040798299e-05,0.00014488109445665032,0.9170509576797485,1.0
395,128,8,11,8,0,26000,4.823749259230681e-05,0.00018983881454914808,0.9180415868759155,1.0
396,128,8,11,8,0,27000,8.797379996394739e-05,0.0002856587525457144,0.9182243943214417,1.0
397,128,8,11,8,0,28000,0.0001455109886592254,0.0003399222332518548,0.9197916984558105,1.0
398,128,8,11,8,0,29000,9.709018195280805e-05,0.00032234727405011654,0.9195873141288757,1.0
399,128,8,11,8,0,30000,8.415312186116353e-05,0.0001940443180501461,0.9188176989555359,1.0
400,128,8,11,8,0,31000,7.869088585721329e-05,0.0001969153236132115,0.9182312488555908,1.0
401,128,8,11,8,0,32000,7.169309537857771e-05,0.00016876509471330792,0.9195882678031921,1.0
402,128,8,11,8,0,33000,8.810006693238392e-05,0.0001922166848089546,0.9169254899024963,1.0
403,128,8,11,8,0,34000,7.078586349962279e-05,0.0002997099654749036,0.9187649488449097,1.0
404,128,8,11,8,0,35000,7.096939225448295e-05,0.00019718446128536016,0.9200304746627808,1.0
405,128,8,11,8,0,36000,6.247199780773371e-05,0.00016718407277949154,0.9193572402000427,1.0
406,128,8,11,8,0,37000,0.0001012148495647125,0.0001949054712895304,0.918846070766449,1.0
407,128,8,11,8,0,38000,7.1281312557403e-05,0.00011601483856793493,0.918275773525238,1.0
408,128,8,11,8,0,39000,7.178365922300145e-05,0.0002038998354692012,0.9202978610992432,1.0
409,128,8,11,8,0,40000,0.00012616644380614161,0.0003909905790351331,0.9189128875732422,1.0
410,128,8,12,8,0,0,1.5955626964569092,0.8105451464653015,0.9076594710350037,1.0
411,128,8,12,8,0,1000,0.04272827133536339,0.0010162356775254011,0.9076764583587646,1.0
412,128,8,12,8,0,2000,0.015800366178154945,2.4085951736196876e-05,0.9081419706344604,1.0
413,128,8,12,8,0,3000,0.002060708124190569,5.035410595155554e-06,0.9107654094696045,1.0
414,128,8,12,8,0,4000,6.247522833291441e-05,1.0272240160702495e-06,0.9094958305358887,1.0
415,128,8,12,8,0,5000,4.0798877307679504e-05,0.0001895219029393047,0.9083976745605469,1.0
416,128,8,12,8,0,6000,5.08377852384001e-05,9.973787382477894e-05,0.9113727807998657,1.0
417,128,8,12,8,0,7000,6.895463593536988e-05,0.00020815966126974672,0.908191978931427,1.0
418,128,8,12,8,0,8000,0.00011465670104371384,0.0004494402965065092,0.9115566611289978,1.0
419,128,8,12,8,0,9000,0.0001311614760197699,0.0005897787632420659,0.9116906523704529,1.0
420,128,8,12,8,0,10000,7.719502900727093e-05,0.00042503795702941716,0.910940408706665,1.0
421,128,8,12,8,0,11000,0.00010354970436310396,0.000447508180513978,0.9087738394737244,1.0
422,128,8,12,8,0,12000,0.00010214465874014422,0.00047273479867726564,0.9092424511909485,1.0
423,128,8,12,8,0,13000,0.00013888682588003576,0.0004884261870756745,0.9082587957382202,1.0
424,128,8,12,8,0,14000,0.00011016472853953019,0.0005459387321025133,0.9094563722610474,1.0
425,128,8,12,8,0,15000,0.00012236372276674956,0.0003121877962257713,0.9110741019248962,1.0
426,128,8,12,8,0,16000,0.00010321472655050457,0.0005055355723015964,0.9103805422782898,1.0
427,128,8,12,8,0,17000,0.00010808552178787068,0.00038054565084166825,0.9090505838394165,1.0
428,128,8,12,8,0,18000,6.629426934523508e-05,0.00020691409008577466,0.9074612259864807,1.0
429,128,8,12,8,0,19000,4.793504922417924e-05,0.00021642031788360327,0.9104486107826233,1.0
430,128,8,12,8,0,20000,7.064189412631094e-05,0.00018513549002818763,0.9120004177093506,1.0
431,128,8,12,8,0,21000,5.19160385010764e-05,0.00020185875473544002,0.9101882576942444,1.0
432,128,8,12,8,0,22000,0.00011021309910574928,0.00021810641919728369,0.9118183851242065,1.0
433,128,8,12,8,0,23000,0.00012483781029004604,0.0004478749760892242,0.911566972732544,1.0
434,128,8,12,8,0,24000,0.00015094185073394328,0.00025462746270932257,0.9096696972846985,1.0
435,128,8,12,8,0,25000,5.715222505386919e-05,0.00021059841674286872,0.9086205363273621,1.0
436,128,8,12,8,0,26000,7.209694740595296e-05,0.00018593289132695645,0.9127764701843262,1.0
437,128,8,12,8,0,27000,8.812711166683584e-05,0.00029564666328951716,0.9104283452033997,1.0
438,128,8,12,8,0,28000,0.00014341474161483347,0.00026188744232058525,0.9120160937309265,1.0
439,128,8,12,8,0,29000,6.44432075205259e-05,0.00022967260156292468,0.9119299054145813,1.0
440,128,8,12,8,0,30000,9.380118717672303e-05,0.00015232147416099906,0.9114466905593872,1.0
441,128,8,12,8,0,31000,6.492867396445945e-05,0.00018951926904264838,0.9104279279708862,1.0
442,128,8,12,8,0,32000,9.093382686842233e-05,0.00011827320122392848,0.9098573923110962,1.0
443,128,8,12,8,0,33000,0.00011580318096093833,0.00020500057144090533,0.9105979204177856,1.0
444,128,8,12,8,0,34000,6.696741911582649e-05,0.0001633466308703646,0.9121652245521545,1.0
445,128,8,12,8,0,35000,5.578922718996182e-05,0.0001384177739964798,0.910466194152832,1.0
446,128,8,12,8,0,36000,0.00010185786231886595,0.00023139099357649684,0.9127675890922546,1.0
447,128,8,12,8,0,37000,8.23124501039274e-05,0.00017045679851435125,0.9135794043540955,1.0
448,128,8,12,8,0,38000,3.89304623240605e-05,0.0001000980701064691,0.9107193350791931,1.0
449,128,8,12,8,0,39000,6.184510129969567e-05,0.00012967373186256737,0.9092527627944946,1.0
450,128,8,12,8,0,40000,7.408519013551995e-05,0.00017590758216101676,0.9110842943191528,1.0
451,128,8,13,8,0,0,1.5864531993865967,0.8335228562355042,0.9008736610412598,1.0
452,128,8,13,8,0,1000,0.034815020859241486,0.000814767845440656,0.9038138389587402,1.0
453,128,8,13,8,0,2000,0.010167057625949383,1.911307299451437e-05,0.9035138487815857,1.0
454,128,8,13,8,0,3000,0.0008313590078614652,3.0715702905581566e-06,0.9003404378890991,1.0
455,128,8,13,8,0,4000,1.3047726497461554e-05,4.2604702343851386e-07,0.9025822281837463,1.0
456,128,8,13,8,0,5000,5.271416739560664e-05,0.0002275139995617792,0.9010950326919556,1.0
457,128,8,13,8,0,6000,6.931757525308058e-05,0.00015404335863422602,0.9004990458488464,1.0
458,128,8,13,8,0,7000,0.00012219449854455888,0.00017473113257437944,0.9023682475090027,1.0
459,128,8,13,8,0,8000,7.573765469714999e-05,0.0002680866455193609,0.9032728672027588,1.0
460,128,8,13,8,0,9000,0.00011293935676803812,0.0004867503303103149,0.901239275932312,1.0
461,128,8,13,8,0,10000,0.0001711496734060347,0.0005179757135920227,0.9033030271530151,1.0
462,128,8,13,8,0,11000,0.00014294298307504505,0.0005811122828163207,0.9011297821998596,1.0
463,128,8,13,8,0,12000,0.00012214214075356722,0.0005259732133708894,0.9034878611564636,1.0
464,128,8,13,8,0,13000,0.00012156461161794141,0.00028095406014472246,0.9024370908737183,1.0
465,128,8,13,8,0,14000,0.00014389572606887668,0.00026243971660733223,0.9038635492324829,1.0
466,128,8,13,8,0,15000,9.231535659637302e-05,0.00030452548526227474,0.9035139679908752,1.0
467,128,8,13,8,0,16000,0.00013357111311051995,0.0002713202848099172,0.9039889574050903,1.0
468,128,8,13,8,0,17000,8.002377580851316e-05,0.0002107169129885733,0.903314471244812,1.0
469,128,8,13,8,0,18000,0.00010670372284948826,0.0002047017333097756,0.9042843580245972,1.0
470,128,8,13,8,0,19000,9.461771696805954e-05,0.0002829965960700065,0.9052649140357971,1.0
471,128,8,13,8,0,20000,9.303301339969039e-05,0.00021118810400366783,0.9045215845108032,1.0
472,128,8,13,8,0,21000,9.626165410736576e-05,0.00015303098189178854,0.9022451043128967,1.0
473,128,8,13,8,0,22000,8.419241930823773e-05,0.00025263449060730636,0.905256450176239,1.0
474,128,8,13,8,0,23000,7.04204139765352e-05,0.0002210671955253929,0.9028040766716003,1.0
475,128,8,13,8,0,24000,0.00012249806604813784,0.00035009512794204056,0.9022166728973389,1.0
476,128,8,13,8,0,25000,9.134882566286251e-05,0.0002875415957532823,0.9051302671432495,1.0
477,128,8,13,8,0,26000,8.404557593166828e-05,0.00029731783433817327,0.9031945466995239,1.0
478,128,8,13,8,0,27000,8.662015170557424e-05,0.00020289435633458197,0.901669442653656,1.0
479,128,8,13,8,0,28000,6.766794103896245e-05,0.00013855895667802542,0.9042795896530151,1.0
480,128,8,13,8,0,29000,7.754283433314413e-05,0.00018243871454615146,0.9039885997772217,1.0
481,128,8,13,8,0,30000,6.622503133257851e-05,0.00016926568059716374,0.9054914116859436,1.0
482,128,8,13,8,0,31000,7.274730887729675e-05,0.0001461921347072348,0.9044390916824341,1.0
483,128,8,13,8,0,32000,5.237227742327377e-05,0.00013583160762209445,0.9027341604232788,1.0
484,128,8,13,8,0,33000,6.770301115466282e-05,0.000135101392515935,0.905530571937561,1.0
485,128,8,13,8,0,34000,9.246955596609041e-05,0.0002510154154151678,0.9042565226554871,1.0
486,128,8,13,8,0,35000,6.515992572531104e-05,0.0001318856084253639,0.9042757749557495,1.0
487,128,8,13,8,0,36000,6.807924364693463e-05,8.819382492220029e-05,0.9056592583656311,1.0
488,128,8,13,8,0,37000,3.3980013540713117e-05,7.579289376735687e-05,0.9048343896865845,1.0
489,128,8,13,8,0,38000,6.136860611150041e-05,0.00017234112601727247,0.9026874303817749,1.0
490,128,8,13,8,0,39000,8.182774763554335e-05,0.00015230286226142198,0.9045639634132385,1.0
491,128,8,13,8,0,40000,5.0202612328575924e-05,0.0001277499395655468,0.9065854549407959,1.0
492,128,8,14,8,0,0,1.6015244722366333,0.8653171062469482,0.8955140709877014,1.0
493,128,8,14,8,0,1000,0.035579223185777664,0.0005858622025698423,0.8964805603027344,1.0
494,128,8,14,8,0,2000,0.008810547180473804,1.8558328520157374e-05,0.8962454199790955,1.0
495,128,8,14,8,0,3000,0.0005197019781917334,2.660811105670291e-06,0.8947449922561646,1.0
496,128,8,14,8,0,4000,6.127771030151052e-06,7.167063245105965e-07,0.8945418000221252,1.0
497,128,8,14,8,0,5000,4.884595546172932e-05,0.0001321237359661609,0.8944236040115356,1.0
498,128,8,14,8,0,6000,9.028735803440213e-05,0.0001143126719398424,0.8952379822731018,1.0
499,128,8,14,8,0,7000,0.00010463398939464241,0.00011729839025065303,0.8948256969451904,1.0
500,128,8,14,8,0,8000,6.804960139561445e-05,0.00014746592205483466,0.8953983187675476,1.0
501,128,8,14,8,0,9000,0.0001258719858014956,0.0003368511679582298,0.8941654562950134,1.0
502,128,8,14,8,0,10000,0.0001577209768583998,0.0002445490681566298,0.8939946293830872,1.0
503,128,8,14,8,0,11000,0.00010913976439042017,0.00022360745060723275,0.8954737186431885,1.0
504,128,8,14,8,0,12000,0.0001346933131571859,0.000392557994928211,0.8948928713798523,1.0
505,128,8,14,8,0,13000,0.00010628163727233186,0.0004423032223712653,0.8944684863090515,1.0
506,128,8,14,8,0,14000,0.00011496497609186918,0.00024207511160057038,0.8952763676643372,1.0
507,128,8,14,8,0,15000,9.093584230868146e-05,0.0001963286631507799,0.8948097825050354,1.0
508,128,8,14,8,0,16000,8.084568253252655e-05,0.00022034821449778974,0.8949027061462402,1.0
509,128,8,14,8,0,17000,0.0001287115301238373,0.0002770388964563608,0.8930842876434326,1.0
510,128,8,14,8,0,18000,0.00016051740385591984,0.00019405290368013084,0.896956741809845,1.0
511,128,8,14,8,0,19000,7.622806151630357e-05,0.0002000270178541541,0.896018385887146,1.0
512,128,8,14,8,0,20000,0.0001060747163137421,0.00014282064512372017,0.8956494331359863,1.0
513,128,8,14,8,0,21000,5.9033245634054765e-05,0.00015689563588239253,0.8951200246810913,1.0
514,128,8,14,8,0,22000,0.00011551318311830983,0.0003113401762675494,0.8947073221206665,1.0
515,128,8,14,8,0,23000,0.0001233702787430957,0.00022149064170662314,0.8947126269340515,1.0
516,128,8,14,8,0,24000,0.00011543481377884746,0.00014138451660983264,0.8967241048812866,1.0
517,128,8,14,8,0,25000,0.00011531762720551342,0.00019573234021663666,0.8959597945213318,1.0
518,128,8,14,8,0,26000,8.592731319367886e-05,0.0002059685648418963,0.8952389359474182,1.0
519,128,8,14,8,0,27000,5.497548045241274e-05,0.00014011681196279824,0.8969205021858215,1.0
520,128,8,14,8,0,28000,0.00010559969814494252,0.00018552405526861548,0.8965160846710205,1.0
521,128,8,14,8,0,29000,7.685005402890965e-05,0.00012539203453343362,0.8955755829811096,1.0
522,128,8,14,8,0,30000,8.681879990035668e-05,0.00021881074644625187,0.8941537141799927,1.0
523,128,8,14,8,0,31000,0.00014183513121679425,0.00019591244927141815,0.8968777060508728,1.0
524,128,8,14,8,0,32000,0.00010120226215803996,0.00016193193732760847,0.8979808688163757,1.0
525,128,8,14,8,0,33000,0.00010518817725824192,0.00017705564096104354,0.8943544626235962,1.0
526,128,8,14,8,0,34000,6.373791984515265e-05,0.00020528474124148488,0.8963854312896729,1.0
527,128,8,14,8,0,35000,4.877683022641577e-05,9.315309580415487e-05,0.8980263471603394,1.0
528,128,8,14,8,0,36000,6.07451620453503e-05,0.00012394577788654715,0.8988249897956848,1.0
529,128,8,14,8,0,37000,7.665142038604245e-05,0.0001442266075173393,0.8948971629142761,1.0
530,128,8,14,8,0,38000,9.790770127438009e-05,0.00011545933375600725,0.8960456252098083,1.0
531,128,8,14,8,0,39000,5.3186686272965744e-05,0.0001034594388329424,0.8977041244506836,1.0
532,128,8,14,8,0,40000,5.6417298765154555e-05,9.3109963927418e-05,0.896476149559021,1.0
533,128,8,15,8,0,0,1.6042354106903076,0.7908779978752136,0.8856095671653748,1.0
534,128,8,15,8,0,1000,0.028147777542471886,0.0010976599296554923,0.8867486119270325,1.0
535,128,8,15,8,0,2000,0.005451221019029617,3.009099600603804e-05,0.8869792819023132,1.0
536,128,8,15,8,0,3000,0.00018744615954346955,2.204857764809276e-06,0.8867781162261963,1.0
537,128,8,15,8,0,4000,9.87424186860153e-07,2.8664109663623094e-07,0.8869982361793518,1.0
538,128,8,15,8,0,5000,3.2150110200745985e-05,9.645473619457334e-05,0.8868119120597839,1.0
539,128,8,15,8,0,6000,6.995951844146475e-05,0.00015509172226302326,0.887309193611145,1.0
540,128,8,15,8,0,7000,6.064493572921492e-05,0.00010833144187927246,0.8873286247253418,1.0
541,128,8,15,8,0,8000,7.895966700743884e-05,0.0001984609116334468,0.8877783417701721,1.0
542,128,8,15,8,0,9000,0.00015078407886903733,0.00015187459939625114,0.8876989483833313,1.0
543,128,8,15,8,0,10000,0.00017249464872293174,0.00018212043505627662,0.8863300681114197,1.0
544,128,8,15,8,0,11000,0.00010034428851213306,0.00027790074818767607,0.8879189491271973,1.0
545,128,8,15,8,0,12000,0.00010778308205772191,0.0001390167890349403,0.8883365988731384,1.0
546,128,8,15,8,0,13000,9.615236194804311e-05,0.00029561491101048887,0.8861621022224426,1.0
547,128,8,15,8,0,14000,8.204158075386658e-05,0.000251101067988202,0.8883432745933533,1.0
548,128,8,15,8,0,15000,0.00010116700286744162,0.00021448616462294012,0.8887345790863037,1.0
549,128,8,15,8,0,16000,8.459282253170386e-05,0.00022139449720270932,0.8874607682228088,1.0
550,128,8,15,8,0,17000,0.00012714577314909548,0.00018257730698678643,0.8878599405288696,1.0
551,128,8,15,8,0,18000,0.00010201123950537294,0.000171722931554541,0.8875570297241211,1.0
552,128,8,15,8,0,19000,9.83729914878495e-05,0.00024097735877148807,0.8867945075035095,1.0
553,128,8,15,8,0,20000,0.0001161430700449273,0.00020733909332193434,0.8885062336921692,1.0
554,128,8,15,8,0,21000,9.92498971754685e-05,0.0001901241485029459,0.8882963061332703,1.0
555,128,8,15,8,0,22000,0.00010298676352249458,0.00015625816013198346,0.8894595503807068,1.0
556,128,8,15,8,0,23000,0.00010847238445421681,0.0002597055572550744,0.8883625864982605,1.0
557,128,8,15,8,0,24000,0.00011645328049780801,0.0002610989904496819,0.888850212097168,1.0
558,128,8,15,8,0,25000,6.681682134512812e-05,0.00012060245353495702,0.8878408074378967,1.0
559,128,8,15,8,0,26000,4.801566319656558e-05,0.00010970004950650036,0.8912104368209839,1.0
560,128,8,15,8,0,27000,9.223712550010532e-05,0.00014457353972829878,0.8898141384124756,1.0
561,128,8,15,8,0,28000,9.322602272732183e-05,0.00016691522614564747,0.8905318379402161,1.0
562,128,8,15,8,0,29000,9.156719170277938e-05,0.00010914876474998891,0.8888199925422668,1.0
563,128,8,15,8,0,30000,4.3898617150262e-05,0.00013853030395694077,0.8894393444061279,1.0
564,128,8,15,8,0,31000,0.00012029847857775167,0.00013866311928723007,0.8891774415969849,1.0
565,128,8,15,8,0,32000,9.034840331878513e-05,0.0001449850242352113,0.8899181485176086,1.0
566,128,8,15,8,0,33000,4.7074743633857e-05,0.00010915894381469116,0.8878880739212036,1.0
567,128,8,15,8,0,34000,0.0001333586551481858,9.818583203013986e-05,0.8900709748268127,1.0
568,128,8,15,8,0,35000,5.9439189499244094e-05,0.00010446753731230274,0.88876873254776,1.0
569,128,8,15,8,0,36000,5.620872980216518e-05,0.0001510755391791463,0.8912528157234192,1.0
570,128,8,15,8,0,37000,6.585538358194754e-05,9.687091369414702e-05,0.8902626037597656,1.0
571,128,8,15,8,0,38000,8.01147471065633e-05,9.26489447010681e-05,0.8892239332199097,1.0
572,128,8,15,8,0,39000,6.412297807401046e-05,0.00010431255941512063,0.8905734419822693,1.0
573,128,8,15,8,0,40000,5.4360218200599775e-05,9.740002860780805e-05,0.8923702836036682,1.0
574,128,8,16,8,0,0,1.611847162246704,0.831484854221344,0.8809238076210022,1.0
575,128,8,16,8,0,1000,0.029233865439891815,0.0007732005324214697,0.8788244128227234,1.0
576,128,8,16,8,0,2000,0.005457784049212933,2.4598823074484244e-05,0.8804017305374146,1.0
577,128,8,16,8,0,3000,0.00015892565716058016,2.569591742940247e-06,0.8798502087593079,1.0
578,128,8,16,8,0,4000,6.882766570015519e-07,1.6850007966695557e-07,0.8787751793861389,1.0
579,128,8,16,8,0,5000,4.3518997699720785e-05,6.194139859871939e-05,0.8807002902030945,1.0
580,128,8,16,8,0,6000,5.144060924067162e-05,3.994212602265179e-05,0.8815867900848389,1.0
581,128,8,16,8,0,7000,0.00011821275984402746,7.626754086231813e-05,0.8798443078994751,1.0
582,128,8,16,8,0,8000,0.00018511683447286487,0.00017060853133443743,0.8801021575927734,1.0
583,128,8,16,8,0,9000,0.00013068407133687288,0.00021132841357029974,0.880111038684845,1.0
584,128,8,16,8,0,10000,0.0001588920276844874,0.00014497325173579156,0.8806300759315491,1.0
585,128,8,16,8,0,11000,0.00011027660366380587,0.00017664967163000256,0.878645122051239,1.0
586,128,8,16,8,0,12000,8.401636296184734e-05,0.00018706104310695082,0.880192756652832,1.0
587,128,8,16,8,0,13000,6.548754026880488e-05,0.00010361478052800521,0.8787451386451721,1.0
588,128,8,16,8,0,14000,0.00011460613313829526,0.0001778113655745983,0.882013201713562,1.0
589,128,8,16,8,0,15000,9.952155960490927e-05,0.0001436521124560386,0.880206823348999,1.0
590,128,8,16,8,0,16000,8.049357711570337e-05,0.00010642241250025108,0.8786817193031311,1.0
591,128,8,16,8,0,17000,9.320927347289398e-05,0.00015025341417640448,0.879407525062561,1.0
592,128,8,16,8,0,18000,9.582179336575791e-05,0.00013361137825995684,0.8808084726333618,1.0
593,128,8,16,8,0,19000,0.00010260367707815021,0.00022569112479686737,0.8820502161979675,1.0
594,128,8,16,8,0,20000,7.49838727642782e-05,0.000126496801385656,0.8799054622650146,1.0
595,128,8,16,8,0,21000,0.00012470393266994506,0.00025260329130105674,0.88330078125,1.0
596,128,8,16,8,0,22000,0.00010949151328532025,0.00017516384832561016,0.8804885745048523,1.0
597,128,8,16,8,0,23000,5.555303141591139e-05,0.00010689379996620119,0.880576491355896,1.0
598,128,8,16,8,0,24000,6.472814129665494e-05,8.21463909232989e-05,0.8817331194877625,1.0
599,128,8,16,8,0,25000,8.808221900835633e-05,0.00013326112821232527,0.8814377784729004,1.0
600,128,8,16,8,0,26000,6.05369932600297e-05,0.0001057780027622357,0.8812041282653809,1.0
601,128,8,16,8,0,27000,0.00014795648166909814,0.0001270556531380862,0.8822939395904541,1.0
602,128,8,16,8,0,28000,7.762498717056587e-05,0.0001748102658893913,0.8807705044746399,1.0
603,128,8,16,8,0,29000,9.837310790317133e-05,0.00012899622379336506,0.8827046155929565,1.0
604,128,8,16,8,0,30000,8.11728386906907e-05,0.00016778761346358806,0.8804669976234436,1.0
605,128,8,16,8,0,31000,0.00011567146430024877,0.00010230746556771919,0.8830554485321045,1.0
606,128,8,16,8,0,32000,0.00015413288201671094,0.00015788666496519,0.8817167282104492,1.0
607,128,8,16,8,0,33000,0.00011432122846599668,0.00012498351861722767,0.8815199136734009,1.0
608,128,8,16,8,0,34000,5.704844443243928e-05,8.80027946550399e-05,0.8818634748458862,1.0
609,128,8,16,8,0,35000,0.00013053033035248518,0.00014892697799950838,0.8817169666290283,1.0
610,128,8,16,8,0,36000,7.3395756771788e-05,0.0001354006672045216,0.8826417922973633,1.0
611,128,8,16,8,0,37000,6.842206494184211e-05,7.24801211617887e-05,0.8830523490905762,1.0
612,128,8,16,8,0,38000,7.400847971439362e-05,8.818261267151684e-05,0.8829845786094666,1.0
613,128,8,16,8,0,39000,8.813502790872008e-05,0.00013966174446977675,0.8829564452171326,1.0
614,128,8,16,8,0,40000,6.016483166604303e-05,0.00010527237463975325,0.8809360265731812,1.0
